YEAR,Month,exp,Field,Plot,NTrt,NAdd,Fenced,Species,Herb,Count
2016,August,e001,C,1,F-9.52,9.52,0,Achimill,0,3
2016,August,e001,C,2,C-2.04,2.04,1,Achimill,0,0
2016,August,e001,C,3,G-17.0,17,0,Achimill,0,0
2016,August,e001,C,4,B-1.02,1.02,0,Achimill,0,0
2016,August,e001,C,5,D-3.40,3.4,1,Achimill,0,0
2016,August,e001,C,6,E-5.44,5.44,1,Achimill,0,0
2016,August,e001,C,7,C-2.04,2.04,1,Achimill,0,0
2016,August,e001,C,8,A-0.00,0,1,Achimill,0,0
2016,August,e001,C,9,F-9.52,9.52,0,Achimill,0,0
2016,August,e001,C,10,D-3.40,3.4,0,Achimill,0,0
2016,August,e001,C,11,B-1.02,1.02,1,Achimill,0,0
2016,August,e001,C,12,G-17.0,17,1,Achimill,0,0
2016,August,e001,C,13,F-9.52,9.52,1,Achimill,0,0
2016,August,e001,C,14,E-5.44,5.44,1,Achimill,0,0
2016,August,e001,C,15,H-27.2,27.2,1,Achimill,0,0
2016,August,e001,C,16,E-5.44,5.44,1,Achimill,0,0
2016,August,e001,C,17,B-1.02,1.02,1,Achimill,0,0
2016,August,e001,C,18,I-0.00,0,1,Achimill,0,2
2016,August,e001,C,19,D-3.40,3.4,0,Achimill,0,0
2016,August,e001,C,20,C-2.04,2.04,0,Achimill,0,0
2016,August,e001,C,21,H-27.2,27.2,0,Achimill,0,0
2016,August,e001,C,22,G-17.0,17,0,Achimill,0,0
2016,August,e001,C,23,H-27.2,27.2,0,Achimill,0,0
2016,August,e001,C,24,F-9.52,9.52,0,Achimill,0,0
2016,August,e001,C,25,G-17.0,17,1,Achimill,0,0
2016,August,e001,C,26,A-0.00,0,1,Achimill,0,2
2016,August,e001,C,27,B-1.02,1.02,0,Achimill,0,0
2016,August,e001,C,28,I-0.00,0,0,Achimill,0,0
2016,August,e001,C,29,H-27.2,27.2,1,Achimill,0,0
2016,August,e001,C,30,I-0.00,0,1,Achimill,0,0
2016,August,e001,C,31,F-9.52,9.52,1,Achimill,0,0
2016,August,e001,C,32,C-2.04,2.04,1,Achimill,0,0
2016,August,e001,C,33,I-0.00,0,0,Achimill,0,2
2016,August,e001,C,34,C-2.04,2.04,0,Achimill,0,0
2016,August,e001,C,35,E-5.44,5.44,0,Achimill,0,0
2016,August,e001,C,36,C-2.04,2.04,0,Achimill,0,0
2016,August,e001,C,37,B-1.02,1.02,1,Achimill,0,0
2016,August,e001,C,38,E-5.44,5.44,0,Achimill,0,0
2016,August,e001,C,39,A-0.00,0,0,Achimill,0,0
2016,August,e001,C,40,G-17.0,17,0,Achimill,0,0
2016,August,e001,C,41,A-0.00,0,0,Achimill,0,0
2016,August,e001,C,42,B-1.02,1.02,0,Achimill,0,0
2016,August,e001,C,43,A-0.00,0,0,Achimill,0,0
2016,August,e001,C,44,H-27.2,27.2,0,Achimill,0,0
2016,August,e001,C,45,D-3.40,3.4,0,Achimill,0,0
2016,August,e001,C,46,D-3.40,3.4,1,Achimill,0,0
2016,August,e001,C,47,A-0.00,0,1,Achimill,0,0
2016,August,e001,C,48,G-17.0,17,1,Achimill,0,0
2016,August,e001,C,49,E-5.44,5.44,0,Achimill,0,0
2016,August,e001,C,50,D-3.40,3.4,1,Achimill,0,0
2016,August,e001,C,51,H-27.2,27.2,1,Achimill,0,0
2016,August,e001,C,52,F-9.52,9.52,1,Achimill,0,0
2016,August,e001,C,53,I-0.00,0,1,Achimill,0,0
2016,August,e001,C,54,I-0.00,0,0,Achimill,0,0
2016,August,e001,C,1,F-9.52,9.52,0,Agrorepe,0,0
2016,August,e001,C,2,C-2.04,2.04,1,Agrorepe,0,2
2016,August,e001,C,3,G-17.0,17,0,Agrorepe,0,4
2016,August,e001,C,4,B-1.02,1.02,0,Agrorepe,0,0
2016,August,e001,C,5,D-3.40,3.4,1,Agrorepe,0,25
2016,August,e001,C,6,E-5.44,5.44,1,Agrorepe,0,30
2016,August,e001,C,7,C-2.04,2.04,1,Agrorepe,0,0
2016,August,e001,C,8,A-0.00,0,1,Agrorepe,0,0
2016,August,e001,C,9,F-9.52,9.52,0,Agrorepe,0,14
2016,August,e001,C,10,D-3.40,3.4,0,Agrorepe,0,0
2016,August,e001,C,11,B-1.02,1.02,1,Agrorepe,0,1
2016,August,e001,C,12,G-17.0,17,1,Agrorepe,0,34
2016,August,e001,C,13,F-9.52,9.52,1,Agrorepe,0,3
2016,August,e001,C,14,E-5.44,5.44,1,Agrorepe,0,23
2016,August,e001,C,15,H-27.2,27.2,1,Agrorepe,0,4
2016,August,e001,C,16,E-5.44,5.44,1,Agrorepe,0,25
2016,August,e001,C,17,B-1.02,1.02,1,Agrorepe,0,11
2016,August,e001,C,18,I-0.00,0,1,Agrorepe,0,0
2016,August,e001,C,19,D-3.40,3.4,0,Agrorepe,0,0
2016,August,e001,C,20,C-2.04,2.04,0,Agrorepe,0,4
2016,August,e001,C,21,H-27.2,27.2,0,Agrorepe,0,17
2016,August,e001,C,22,G-17.0,17,0,Agrorepe,0,12
2016,August,e001,C,23,H-27.2,27.2,0,Agrorepe,0,20
2016,August,e001,C,24,F-9.52,9.52,0,Agrorepe,0,27
2016,August,e001,C,25,G-17.0,17,1,Agrorepe,0,0
2016,August,e001,C,26,A-0.00,0,1,Agrorepe,0,0
2016,August,e001,C,27,B-1.02,1.02,0,Agrorepe,0,2
2016,August,e001,C,28,I-0.00,0,0,Agrorepe,0,0
2016,August,e001,C,29,H-27.2,27.2,1,Agrorepe,0,31
2016,August,e001,C,30,I-0.00,0,1,Agrorepe,0,0
2016,August,e001,C,31,F-9.52,9.52,1,Agrorepe,0,2
2016,August,e001,C,32,C-2.04,2.04,1,Agrorepe,0,20
2016,August,e001,C,33,I-0.00,0,0,Agrorepe,0,1
2016,August,e001,C,34,C-2.04,2.04,0,Agrorepe,0,14
2016,August,e001,C,35,E-5.44,5.44,0,Agrorepe,0,6
2016,August,e001,C,36,C-2.04,2.04,0,Agrorepe,0,10
2016,August,e001,C,37,B-1.02,1.02,1,Agrorepe,0,0
2016,August,e001,C,38,E-5.44,5.44,0,Agrorepe,0,3
2016,August,e001,C,39,A-0.00,0,0,Agrorepe,0,5
2016,August,e001,C,40,G-17.0,17,0,Agrorepe,0,25
2016,August,e001,C,41,A-0.00,0,0,Agrorepe,0,37
2016,August,e001,C,42,B-1.02,1.02,0,Agrorepe,0,13
2016,August,e001,C,43,A-0.00,0,0,Agrorepe,0,0
2016,August,e001,C,44,H-27.2,27.2,0,Agrorepe,0,0
2016,August,e001,C,45,D-3.40,3.4,0,Agrorepe,0,19
2016,August,e001,C,46,D-3.40,3.4,1,Agrorepe,0,17
2016,August,e001,C,47,A-0.00,0,1,Agrorepe,0,8
2016,August,e001,C,48,G-17.0,17,1,Agrorepe,0,34
2016,August,e001,C,49,E-5.44,5.44,0,Agrorepe,0,0
2016,August,e001,C,50,D-3.40,3.4,1,Agrorepe,0,0
2016,August,e001,C,51,H-27.2,27.2,1,Agrorepe,0,0
2016,August,e001,C,52,F-9.52,9.52,1,Agrorepe,0,17
2016,August,e001,C,53,I-0.00,0,1,Agrorepe,0,10
2016,August,e001,C,54,I-0.00,0,0,Agrorepe,0,0
2016,August,e001,C,1,F-9.52,9.52,0,Ambrcoro,0,0
2016,August,e001,C,2,C-2.04,2.04,1,Ambrcoro,0,3
2016,August,e001,C,3,G-17.0,17,0,Ambrcoro,0,0
2016,August,e001,C,4,B-1.02,1.02,0,Ambrcoro,0,11
2016,August,e001,C,5,D-3.40,3.4,1,Ambrcoro,0,30
2016,August,e001,C,6,E-5.44,5.44,1,Ambrcoro,0,0
2016,August,e001,C,7,C-2.04,2.04,1,Ambrcoro,0,0
2016,August,e001,C,8,A-0.00,0,1,Ambrcoro,0,0
2016,August,e001,C,9,F-9.52,9.52,0,Ambrcoro,0,0
2016,August,e001,C,10,D-3.40,3.4,0,Ambrcoro,0,1
2016,August,e001,C,11,B-1.02,1.02,1,Ambrcoro,0,16
2016,August,e001,C,12,G-17.0,17,1,Ambrcoro,0,0
2016,August,e001,C,13,F-9.52,9.52,1,Ambrcoro,0,0
2016,August,e001,C,14,E-5.44,5.44,1,Ambrcoro,0,0
2016,August,e001,C,15,H-27.2,27.2,1,Ambrcoro,0,0
2016,August,e001,C,16,E-5.44,5.44,1,Ambrcoro,0,0
2016,August,e001,C,17,B-1.02,1.02,1,Ambrcoro,0,3
2016,August,e001,C,18,I-0.00,0,1,Ambrcoro,0,4
2016,August,e001,C,19,D-3.40,3.4,0,Ambrcoro,0,0
2016,August,e001,C,20,C-2.04,2.04,0,Ambrcoro,0,0
2016,August,e001,C,21,H-27.2,27.2,0,Ambrcoro,0,0
2016,August,e001,C,22,G-17.0,17,0,Ambrcoro,0,0
2016,August,e001,C,23,H-27.2,27.2,0,Ambrcoro,0,0
2016,August,e001,C,24,F-9.52,9.52,0,Ambrcoro,0,0
2016,August,e001,C,25,G-17.0,17,1,Ambrcoro,0,0
2016,August,e001,C,26,A-0.00,0,1,Ambrcoro,0,0
2016,August,e001,C,27,B-1.02,1.02,0,Ambrcoro,0,3
2016,August,e001,C,28,I-0.00,0,0,Ambrcoro,0,3
2016,August,e001,C,29,H-27.2,27.2,1,Ambrcoro,0,0
2016,August,e001,C,30,I-0.00,0,1,Ambrcoro,0,5
2016,August,e001,C,31,F-9.52,9.52,1,Ambrcoro,0,0
2016,August,e001,C,32,C-2.04,2.04,1,Ambrcoro,0,0
2016,August,e001,C,33,I-0.00,0,0,Ambrcoro,0,14
2016,August,e001,C,34,C-2.04,2.04,0,Ambrcoro,0,2
2016,August,e001,C,35,E-5.44,5.44,0,Ambrcoro,0,0
2016,August,e001,C,36,C-2.04,2.04,0,Ambrcoro,0,0
2016,August,e001,C,37,B-1.02,1.02,1,Ambrcoro,0,0
2016,August,e001,C,38,E-5.44,5.44,0,Ambrcoro,0,0
2016,August,e001,C,39,A-0.00,0,0,Ambrcoro,0,3
2016,August,e001,C,40,G-17.0,17,0,Ambrcoro,0,0
2016,August,e001,C,41,A-0.00,0,0,Ambrcoro,0,6
2016,August,e001,C,42,B-1.02,1.02,0,Ambrcoro,0,4
2016,August,e001,C,43,A-0.00,0,0,Ambrcoro,0,0
2016,August,e001,C,44,H-27.2,27.2,0,Ambrcoro,0,0
2016,August,e001,C,45,D-3.40,3.4,0,Ambrcoro,0,0
2016,August,e001,C,46,D-3.40,3.4,1,Ambrcoro,0,0
2016,August,e001,C,47,A-0.00,0,1,Ambrcoro,0,18
2016,August,e001,C,48,G-17.0,17,1,Ambrcoro,0,0
2016,August,e001,C,49,E-5.44,5.44,0,Ambrcoro,0,0
2016,August,e001,C,50,D-3.40,3.4,1,Ambrcoro,0,0
2016,August,e001,C,51,H-27.2,27.2,1,Ambrcoro,0,0
2016,August,e001,C,52,F-9.52,9.52,1,Ambrcoro,0,1
2016,August,e001,C,53,I-0.00,0,1,Ambrcoro,0,6
2016,August,e001,C,54,I-0.00,0,0,Ambrcoro,0,9
2016,August,e001,C,1,F-9.52,9.52,0,Anemcyli,0,0
2016,August,e001,C,2,C-2.04,2.04,1,Anemcyli,0,0
2016,August,e001,C,3,G-17.0,17,0,Anemcyli,0,0
2016,August,e001,C,4,B-1.02,1.02,0,Anemcyli,0,0
2016,August,e001,C,5,D-3.40,3.4,1,Anemcyli,0,0
2016,August,e001,C,6,E-5.44,5.44,1,Anemcyli,0,0
2016,August,e001,C,7,C-2.04,2.04,1,Anemcyli,0,0
2016,August,e001,C,8,A-0.00,0,1,Anemcyli,0,0
2016,August,e001,C,9,F-9.52,9.52,0,Anemcyli,0,0
2016,August,e001,C,10,D-3.40,3.4,0,Anemcyli,0,0
2016,August,e001,C,11,B-1.02,1.02,1,Anemcyli,0,0
2016,August,e001,C,12,G-17.0,17,1,Anemcyli,0,0
2016,August,e001,C,13,F-9.52,9.52,1,Anemcyli,0,0
2016,August,e001,C,14,E-5.44,5.44,1,Anemcyli,0,0
2016,August,e001,C,15,H-27.2,27.2,1,Anemcyli,0,0
2016,August,e001,C,16,E-5.44,5.44,1,Anemcyli,0,0
2016,August,e001,C,17,B-1.02,1.02,1,Anemcyli,0,0
2016,August,e001,C,18,I-0.00,0,1,Anemcyli,0,0
2016,August,e001,C,19,D-3.40,3.4,0,Anemcyli,0,0
2016,August,e001,C,20,C-2.04,2.04,0,Anemcyli,0,0
2016,August,e001,C,21,H-27.2,27.2,0,Anemcyli,0,0
2016,August,e001,C,22,G-17.0,17,0,Anemcyli,0,0
2016,August,e001,C,23,H-27.2,27.2,0,Anemcyli,0,0
2016,August,e001,C,24,F-9.52,9.52,0,Anemcyli,0,0
2016,August,e001,C,25,G-17.0,17,1,Anemcyli,0,0
2016,August,e001,C,26,A-0.00,0,1,Anemcyli,0,0
2016,August,e001,C,27,B-1.02,1.02,0,Anemcyli,0,0
2016,August,e001,C,28,I-0.00,0,0,Anemcyli,0,0
2016,August,e001,C,29,H-27.2,27.2,1,Anemcyli,0,0
2016,August,e001,C,30,I-0.00,0,1,Anemcyli,0,2
2016,August,e001,C,31,F-9.52,9.52,1,Anemcyli,0,0
2016,August,e001,C,32,C-2.04,2.04,1,Anemcyli,0,0
2016,August,e001,C,33,I-0.00,0,0,Anemcyli,0,0
2016,August,e001,C,34,C-2.04,2.04,0,Anemcyli,0,0
2016,August,e001,C,35,E-5.44,5.44,0,Anemcyli,0,0
2016,August,e001,C,36,C-2.04,2.04,0,Anemcyli,0,0
2016,August,e001,C,37,B-1.02,1.02,1,Anemcyli,0,0
2016,August,e001,C,38,E-5.44,5.44,0,Anemcyli,0,0
2016,August,e001,C,39,A-0.00,0,0,Anemcyli,0,0
2016,August,e001,C,40,G-17.0,17,0,Anemcyli,0,0
2016,August,e001,C,41,A-0.00,0,0,Anemcyli,0,0
2016,August,e001,C,42,B-1.02,1.02,0,Anemcyli,0,0
2016,August,e001,C,43,A-0.00,0,0,Anemcyli,0,1
2016,August,e001,C,44,H-27.2,27.2,0,Anemcyli,0,0
2016,August,e001,C,45,D-3.40,3.4,0,Anemcyli,0,0
2016,August,e001,C,46,D-3.40,3.4,1,Anemcyli,0,0
2016,August,e001,C,47,A-0.00,0,1,Anemcyli,0,0
2016,August,e001,C,48,G-17.0,17,1,Anemcyli,0,0
2016,August,e001,C,49,E-5.44,5.44,0,Anemcyli,0,0
2016,August,e001,C,50,D-3.40,3.4,1,Anemcyli,0,0
2016,August,e001,C,51,H-27.2,27.2,1,Anemcyli,0,0
2016,August,e001,C,52,F-9.52,9.52,1,Anemcyli,0,0
2016,August,e001,C,53,I-0.00,0,1,Anemcyli,0,0
2016,August,e001,C,54,I-0.00,0,0,Anemcyli,0,0
2016,August,e001,C,1,F-9.52,9.52,0,Arteludo,0,60
2016,August,e001,C,2,C-2.04,2.04,1,Arteludo,0,58
2016,August,e001,C,3,G-17.0,17,0,Arteludo,0,47
2016,August,e001,C,4,B-1.02,1.02,0,Arteludo,0,48
2016,August,e001,C,5,D-3.40,3.4,1,Arteludo,0,27
2016,August,e001,C,6,E-5.44,5.44,1,Arteludo,0,0
2016,August,e001,C,7,C-2.04,2.04,1,Arteludo,0,29
2016,August,e001,C,8,A-0.00,0,1,Arteludo,0,4
2016,August,e001,C,9,F-9.52,9.52,0,Arteludo,0,74
2016,August,e001,C,10,D-3.40,3.4,0,Arteludo,0,70
2016,August,e001,C,11,B-1.02,1.02,1,Arteludo,0,26
2016,August,e001,C,12,G-17.0,17,1,Arteludo,0,6
2016,August,e001,C,13,F-9.52,9.52,1,Arteludo,0,34
2016,August,e001,C,14,E-5.44,5.44,1,Arteludo,0,50
2016,August,e001,C,15,H-27.2,27.2,1,Arteludo,0,2
2016,August,e001,C,16,E-5.44,5.44,1,Arteludo,0,62
2016,August,e001,C,17,B-1.02,1.02,1,Arteludo,0,40
2016,August,e001,C,18,I-0.00,0,1,Arteludo,0,13
2016,August,e001,C,19,D-3.40,3.4,0,Arteludo,0,77
2016,August,e001,C,20,C-2.04,2.04,0,Arteludo,0,69
2016,August,e001,C,21,H-27.2,27.2,0,Arteludo,0,28
2016,August,e001,C,22,G-17.0,17,0,Arteludo,0,27
2016,August,e001,C,23,H-27.2,27.2,0,Arteludo,0,6
2016,August,e001,C,24,F-9.52,9.52,0,Arteludo,0,47
2016,August,e001,C,25,G-17.0,17,1,Arteludo,0,15
2016,August,e001,C,26,A-0.00,0,1,Arteludo,0,0
2016,August,e001,C,27,B-1.02,1.02,0,Arteludo,0,96
2016,August,e001,C,28,I-0.00,0,0,Arteludo,0,67
2016,August,e001,C,29,H-27.2,27.2,1,Arteludo,0,13
2016,August,e001,C,30,I-0.00,0,1,Arteludo,0,16
2016,August,e001,C,31,F-9.52,9.52,1,Arteludo,0,30
2016,August,e001,C,32,C-2.04,2.04,1,Arteludo,0,30
2016,August,e001,C,33,I-0.00,0,0,Arteludo,0,88
2016,August,e001,C,34,C-2.04,2.04,0,Arteludo,0,89
2016,August,e001,C,35,E-5.44,5.44,0,Arteludo,0,122
2016,August,e001,C,36,C-2.04,2.04,0,Arteludo,0,88
2016,August,e001,C,37,B-1.02,1.02,1,Arteludo,0,0
2016,August,e001,C,38,E-5.44,5.44,0,Arteludo,0,97
2016,August,e001,C,39,A-0.00,0,0,Arteludo,0,97
2016,August,e001,C,40,G-17.0,17,0,Arteludo,0,0
2016,August,e001,C,41,A-0.00,0,0,Arteludo,0,52
2016,August,e001,C,42,B-1.02,1.02,0,Arteludo,0,72
2016,August,e001,C,43,A-0.00,0,0,Arteludo,0,0
2016,August,e001,C,44,H-27.2,27.2,0,Arteludo,0,14
2016,August,e001,C,45,D-3.40,3.4,0,Arteludo,0,0
2016,August,e001,C,46,D-3.40,3.4,1,Arteludo,0,6
2016,August,e001,C,47,A-0.00,0,1,Arteludo,0,12
2016,August,e001,C,48,G-17.0,17,1,Arteludo,0,6
2016,August,e001,C,49,E-5.44,5.44,0,Arteludo,0,0
2016,August,e001,C,50,D-3.40,3.4,1,Arteludo,0,58
2016,August,e001,C,51,H-27.2,27.2,1,Arteludo,0,13
2016,August,e001,C,52,F-9.52,9.52,1,Arteludo,0,17
2016,August,e001,C,53,I-0.00,0,1,Arteludo,0,41
2016,August,e001,C,54,I-0.00,0,0,Arteludo,0,17
2016,August,e001,C,1,F-9.52,9.52,0,Asclsyri,0,8
2016,August,e001,C,2,C-2.04,2.04,1,Asclsyri,0,0
2016,August,e001,C,3,G-17.0,17,0,Asclsyri,0,0
2016,August,e001,C,4,B-1.02,1.02,0,Asclsyri,0,0
2016,August,e001,C,5,D-3.40,3.4,1,Asclsyri,0,0
2016,August,e001,C,6,E-5.44,5.44,1,Asclsyri,0,0
2016,August,e001,C,7,C-2.04,2.04,1,Asclsyri,0,0
2016,August,e001,C,8,A-0.00,0,1,Asclsyri,0,0
2016,August,e001,C,9,F-9.52,9.52,0,Asclsyri,0,3
2016,August,e001,C,10,D-3.40,3.4,0,Asclsyri,0,0
2016,August,e001,C,11,B-1.02,1.02,1,Asclsyri,0,0
2016,August,e001,C,12,G-17.0,17,1,Asclsyri,0,0
2016,August,e001,C,13,F-9.52,9.52,1,Asclsyri,0,0
2016,August,e001,C,14,E-5.44,5.44,1,Asclsyri,0,0
2016,August,e001,C,15,H-27.2,27.2,1,Asclsyri,0,0
2016,August,e001,C,16,E-5.44,5.44,1,Asclsyri,0,0
2016,August,e001,C,17,B-1.02,1.02,1,Asclsyri,0,0
2016,August,e001,C,18,I-0.00,0,1,Asclsyri,0,0
2016,August,e001,C,19,D-3.40,3.4,0,Asclsyri,0,0
2016,August,e001,C,20,C-2.04,2.04,0,Asclsyri,0,0
2016,August,e001,C,21,H-27.2,27.2,0,Asclsyri,0,0
2016,August,e001,C,22,G-17.0,17,0,Asclsyri,0,0
2016,August,e001,C,23,H-27.2,27.2,0,Asclsyri,0,1
2016,August,e001,C,24,F-9.52,9.52,0,Asclsyri,0,0
2016,August,e001,C,25,G-17.0,17,1,Asclsyri,0,0
2016,August,e001,C,26,A-0.00,0,1,Asclsyri,0,0
2016,August,e001,C,27,B-1.02,1.02,0,Asclsyri,0,0
2016,August,e001,C,28,I-0.00,0,0,Asclsyri,0,0
2016,August,e001,C,29,H-27.2,27.2,1,Asclsyri,0,0
2016,August,e001,C,30,I-0.00,0,1,Asclsyri,0,0
2016,August,e001,C,31,F-9.52,9.52,1,Asclsyri,0,0
2016,August,e001,C,32,C-2.04,2.04,1,Asclsyri,0,0
2016,August,e001,C,33,I-0.00,0,0,Asclsyri,0,0
2016,August,e001,C,34,C-2.04,2.04,0,Asclsyri,0,0
2016,August,e001,C,35,E-5.44,5.44,0,Asclsyri,0,0
2016,August,e001,C,36,C-2.04,2.04,0,Asclsyri,0,0
2016,August,e001,C,37,B-1.02,1.02,1,Asclsyri,0,0
2016,August,e001,C,38,E-5.44,5.44,0,Asclsyri,0,0
2016,August,e001,C,39,A-0.00,0,0,Asclsyri,0,0
2016,August,e001,C,40,G-17.0,17,0,Asclsyri,0,0
2016,August,e001,C,41,A-0.00,0,0,Asclsyri,0,1
2016,August,e001,C,42,B-1.02,1.02,0,Asclsyri,0,0
2016,August,e001,C,43,A-0.00,0,0,Asclsyri,0,0
2016,August,e001,C,44,H-27.2,27.2,0,Asclsyri,0,0
2016,August,e001,C,45,D-3.40,3.4,0,Asclsyri,0,0
2016,August,e001,C,46,D-3.40,3.4,1,Asclsyri,0,0
2016,August,e001,C,47,A-0.00,0,1,Asclsyri,0,0
2016,August,e001,C,48,G-17.0,17,1,Asclsyri,0,0
2016,August,e001,C,49,E-5.44,5.44,0,Asclsyri,0,0
2016,August,e001,C,50,D-3.40,3.4,1,Asclsyri,0,0
2016,August,e001,C,51,H-27.2,27.2,1,Asclsyri,0,0
2016,August,e001,C,52,F-9.52,9.52,1,Asclsyri,0,0
2016,August,e001,C,53,I-0.00,0,1,Asclsyri,0,0
2016,August,e001,C,54,I-0.00,0,0,Asclsyri,0,0
2016,August,e001,C,1,F-9.52,9.52,0,Ascltube,0,0
2016,August,e001,C,2,C-2.04,2.04,1,Ascltube,0,0
2016,August,e001,C,3,G-17.0,17,0,Ascltube,0,0
2016,August,e001,C,4,B-1.02,1.02,0,Ascltube,0,0
2016,August,e001,C,5,D-3.40,3.4,1,Ascltube,0,13
2016,August,e001,C,6,E-5.44,5.44,1,Ascltube,0,0
2016,August,e001,C,7,C-2.04,2.04,1,Ascltube,0,7
2016,August,e001,C,8,A-0.00,0,1,Ascltube,0,7
2016,August,e001,C,9,F-9.52,9.52,0,Ascltube,0,0
2016,August,e001,C,10,D-3.40,3.4,0,Ascltube,0,0
2016,August,e001,C,11,B-1.02,1.02,1,Ascltube,0,3
2016,August,e001,C,12,G-17.0,17,1,Ascltube,0,0
2016,August,e001,C,13,F-9.52,9.52,1,Ascltube,0,0
2016,August,e001,C,14,E-5.44,5.44,1,Ascltube,0,0
2016,August,e001,C,15,H-27.2,27.2,1,Ascltube,0,0
2016,August,e001,C,16,E-5.44,5.44,1,Ascltube,0,0
2016,August,e001,C,17,B-1.02,1.02,1,Ascltube,0,0
2016,August,e001,C,18,I-0.00,0,1,Ascltube,0,5
2016,August,e001,C,19,D-3.40,3.4,0,Ascltube,0,0
2016,August,e001,C,20,C-2.04,2.04,0,Ascltube,0,0
2016,August,e001,C,21,H-27.2,27.2,0,Ascltube,0,0
2016,August,e001,C,22,G-17.0,17,0,Ascltube,0,0
2016,August,e001,C,23,H-27.2,27.2,0,Ascltube,0,0
2016,August,e001,C,24,F-9.52,9.52,0,Ascltube,0,0
2016,August,e001,C,25,G-17.0,17,1,Ascltube,0,0
2016,August,e001,C,26,A-0.00,0,1,Ascltube,0,0
2016,August,e001,C,27,B-1.02,1.02,0,Ascltube,0,0
2016,August,e001,C,28,I-0.00,0,0,Ascltube,0,3
2016,August,e001,C,29,H-27.2,27.2,1,Ascltube,0,0
2016,August,e001,C,30,I-0.00,0,1,Ascltube,0,0
2016,August,e001,C,31,F-9.52,9.52,1,Ascltube,0,0
2016,August,e001,C,32,C-2.04,2.04,1,Ascltube,0,0
2016,August,e001,C,33,I-0.00,0,0,Ascltube,0,0
2016,August,e001,C,34,C-2.04,2.04,0,Ascltube,0,1
2016,August,e001,C,35,E-5.44,5.44,0,Ascltube,0,0
2016,August,e001,C,36,C-2.04,2.04,0,Ascltube,0,1
2016,August,e001,C,37,B-1.02,1.02,1,Ascltube,0,7
2016,August,e001,C,38,E-5.44,5.44,0,Ascltube,0,0
2016,August,e001,C,39,A-0.00,0,0,Ascltube,0,0
2016,August,e001,C,40,G-17.0,17,0,Ascltube,0,0
2016,August,e001,C,41,A-0.00,0,0,Ascltube,0,0
2016,August,e001,C,42,B-1.02,1.02,0,Ascltube,0,0
2016,August,e001,C,43,A-0.00,0,0,Ascltube,0,3
2016,August,e001,C,44,H-27.2,27.2,0,Ascltube,0,0
2016,August,e001,C,45,D-3.40,3.4,0,Ascltube,0,0
2016,August,e001,C,46,D-3.40,3.4,1,Ascltube,0,0
2016,August,e001,C,47,A-0.00,0,1,Ascltube,0,0
2016,August,e001,C,48,G-17.0,17,1,Ascltube,0,0
2016,August,e001,C,49,E-5.44,5.44,0,Ascltube,0,1
2016,August,e001,C,50,D-3.40,3.4,1,Ascltube,0,0
2016,August,e001,C,51,H-27.2,27.2,1,Ascltube,0,0
2016,August,e001,C,52,F-9.52,9.52,1,Ascltube,0,0
2016,August,e001,C,53,I-0.00,0,1,Ascltube,0,0
2016,August,e001,C,54,I-0.00,0,0,Ascltube,0,0
2016,August,e001,C,1,F-9.52,9.52,0,Asteazur,0,0
2016,August,e001,C,2,C-2.04,2.04,1,Asteazur,0,14
2016,August,e001,C,3,G-17.0,17,0,Asteazur,0,0
2016,August,e001,C,4,B-1.02,1.02,0,Asteazur,0,2
2016,August,e001,C,5,D-3.40,3.4,1,Asteazur,0,0
2016,August,e001,C,6,E-5.44,5.44,1,Asteazur,0,0
2016,August,e001,C,7,C-2.04,2.04,1,Asteazur,0,1
2016,August,e001,C,8,A-0.00,0,1,Asteazur,0,24
2016,August,e001,C,9,F-9.52,9.52,0,Asteazur,0,0
2016,August,e001,C,10,D-3.40,3.4,0,Asteazur,1,0
2016,August,e001,C,11,B-1.02,1.02,1,Asteazur,0,0
2016,August,e001,C,12,G-17.0,17,1,Asteazur,0,0
2016,August,e001,C,13,F-9.52,9.52,1,Asteazur,0,0
2016,August,e001,C,14,E-5.44,5.44,1,Asteazur,0,0
2016,August,e001,C,15,H-27.2,27.2,1,Asteazur,0,0
2016,August,e001,C,16,E-5.44,5.44,1,Asteazur,0,0
2016,August,e001,C,17,B-1.02,1.02,1,Asteazur,0,0
2016,August,e001,C,18,I-0.00,0,1,Asteazur,0,13
2016,August,e001,C,19,D-3.40,3.4,0,Asteazur,5,0
2016,August,e001,C,20,C-2.04,2.04,0,Asteazur,13,11
2016,August,e001,C,21,H-27.2,27.2,0,Asteazur,0,0
2016,August,e001,C,22,G-17.0,17,0,Asteazur,0,0
2016,August,e001,C,23,H-27.2,27.2,0,Asteazur,0,0
2016,August,e001,C,24,F-9.52,9.52,0,Asteazur,0,0
2016,August,e001,C,25,G-17.0,17,1,Asteazur,0,0
2016,August,e001,C,26,A-0.00,0,1,Asteazur,0,27
2016,August,e001,C,27,B-1.02,1.02,0,Asteazur,5,0
2016,August,e001,C,28,I-0.00,0,0,Asteazur,9,4
2016,August,e001,C,29,H-27.2,27.2,1,Asteazur,0,0
2016,August,e001,C,30,I-0.00,0,1,Asteazur,0,32
2016,August,e001,C,31,F-9.52,9.52,1,Asteazur,0,0
2016,August,e001,C,32,C-2.04,2.04,1,Asteazur,0,7
2016,August,e001,C,33,I-0.00,0,0,Asteazur,6,7
2016,August,e001,C,34,C-2.04,2.04,0,Asteazur,8,1
2016,August,e001,C,35,E-5.44,5.44,0,Asteazur,0,0
2016,August,e001,C,36,C-2.04,2.04,0,Asteazur,0,0
2016,August,e001,C,37,B-1.02,1.02,1,Asteazur,1,0
2016,August,e001,C,38,E-5.44,5.44,0,Asteazur,0,0
2016,August,e001,C,39,A-0.00,0,0,Asteazur,0,0
2016,August,e001,C,40,G-17.0,17,0,Asteazur,0,0
2016,August,e001,C,41,A-0.00,0,0,Asteazur,0,0
2016,August,e001,C,42,B-1.02,1.02,0,Asteazur,1,0
2016,August,e001,C,43,A-0.00,0,0,Asteazur,10,21
2016,August,e001,C,44,H-27.2,27.2,0,Asteazur,0,0
2016,August,e001,C,45,D-3.40,3.4,0,Asteazur,0,0
2016,August,e001,C,46,D-3.40,3.4,1,Asteazur,0,0
2016,August,e001,C,47,A-0.00,0,1,Asteazur,0,0
2016,August,e001,C,48,G-17.0,17,1,Asteazur,0,0
2016,August,e001,C,49,E-5.44,5.44,0,Asteazur,2,0
2016,August,e001,C,50,D-3.40,3.4,1,Asteazur,0,0
2016,August,e001,C,51,H-27.2,27.2,1,Asteazur,0,0
2016,August,e001,C,52,F-9.52,9.52,1,Asteazur,0,0
2016,August,e001,C,53,I-0.00,0,1,Asteazur,0,31
2016,August,e001,C,54,I-0.00,0,0,Asteazur,8,4
2016,August,e001,C,1,F-9.52,9.52,0,Asteeric,0,0
2016,August,e001,C,2,C-2.04,2.04,1,Asteeric,0,0
2016,August,e001,C,3,G-17.0,17,0,Asteeric,0,0
2016,August,e001,C,4,B-1.02,1.02,0,Asteeric,0,0
2016,August,e001,C,5,D-3.40,3.4,1,Asteeric,0,0
2016,August,e001,C,6,E-5.44,5.44,1,Asteeric,0,0
2016,August,e001,C,7,C-2.04,2.04,1,Asteeric,0,0
2016,August,e001,C,8,A-0.00,0,1,Asteeric,0,0
2016,August,e001,C,9,F-9.52,9.52,0,Asteeric,0,0
2016,August,e001,C,10,D-3.40,3.4,0,Asteeric,0,0
2016,August,e001,C,11,B-1.02,1.02,1,Asteeric,0,0
2016,August,e001,C,12,G-17.0,17,1,Asteeric,0,0
2016,August,e001,C,13,F-9.52,9.52,1,Asteeric,0,0
2016,August,e001,C,14,E-5.44,5.44,1,Asteeric,0,0
2016,August,e001,C,15,H-27.2,27.2,1,Asteeric,0,0
2016,August,e001,C,16,E-5.44,5.44,1,Asteeric,0,0
2016,August,e001,C,17,B-1.02,1.02,1,Asteeric,0,0
2016,August,e001,C,18,I-0.00,0,1,Asteeric,0,0
2016,August,e001,C,19,D-3.40,3.4,0,Asteeric,0,0
2016,August,e001,C,20,C-2.04,2.04,0,Asteeric,0,0
2016,August,e001,C,21,H-27.2,27.2,0,Asteeric,0,0
2016,August,e001,C,22,G-17.0,17,0,Asteeric,0,0
2016,August,e001,C,23,H-27.2,27.2,0,Asteeric,0,0
2016,August,e001,C,24,F-9.52,9.52,0,Asteeric,0,0
2016,August,e001,C,25,G-17.0,17,1,Asteeric,0,0
2016,August,e001,C,26,A-0.00,0,1,Asteeric,0,0
2016,August,e001,C,27,B-1.02,1.02,0,Asteeric,0,0
2016,August,e001,C,28,I-0.00,0,0,Asteeric,0,0
2016,August,e001,C,29,H-27.2,27.2,1,Asteeric,0,0
2016,August,e001,C,30,I-0.00,0,1,Asteeric,0,0
2016,August,e001,C,31,F-9.52,9.52,1,Asteeric,0,0
2016,August,e001,C,32,C-2.04,2.04,1,Asteeric,0,0
2016,August,e001,C,33,I-0.00,0,0,Asteeric,0,0
2016,August,e001,C,34,C-2.04,2.04,0,Asteeric,0,0
2016,August,e001,C,35,E-5.44,5.44,0,Asteeric,0,0
2016,August,e001,C,36,C-2.04,2.04,0,Asteeric,0,0
2016,August,e001,C,37,B-1.02,1.02,1,Asteeric,1,29
2016,August,e001,C,38,E-5.44,5.44,0,Asteeric,0,0
2016,August,e001,C,39,A-0.00,0,0,Asteeric,0,0
2016,August,e001,C,40,G-17.0,17,0,Asteeric,0,0
2016,August,e001,C,41,A-0.00,0,0,Asteeric,0,0
2016,August,e001,C,42,B-1.02,1.02,0,Asteeric,0,0
2016,August,e001,C,43,A-0.00,0,0,Asteeric,1,16
2016,August,e001,C,44,H-27.2,27.2,0,Asteeric,0,0
2016,August,e001,C,45,D-3.40,3.4,0,Asteeric,0,0
2016,August,e001,C,46,D-3.40,3.4,1,Asteeric,0,0
2016,August,e001,C,47,A-0.00,0,1,Asteeric,0,0
2016,August,e001,C,48,G-17.0,17,1,Asteeric,0,0
2016,August,e001,C,49,E-5.44,5.44,0,Asteeric,0,10
2016,August,e001,C,50,D-3.40,3.4,1,Asteeric,0,0
2016,August,e001,C,51,H-27.2,27.2,1,Asteeric,0,0
2016,August,e001,C,52,F-9.52,9.52,1,Asteeric,0,0
2016,August,e001,C,53,I-0.00,0,1,Asteeric,0,0
2016,August,e001,C,54,I-0.00,0,0,Asteeric,0,0
2016,August,e001,C,1,F-9.52,9.52,0,Chenalbu,0,0
2016,August,e001,C,2,C-2.04,2.04,1,Chenalbu,0,0
2016,August,e001,C,3,G-17.0,17,0,Chenalbu,12,2
2016,August,e001,C,4,B-1.02,1.02,0,Chenalbu,0,0
2016,August,e001,C,5,D-3.40,3.4,1,Chenalbu,0,0
2016,August,e001,C,6,E-5.44,5.44,1,Chenalbu,0,0
2016,August,e001,C,7,C-2.04,2.04,1,Chenalbu,0,0
2016,August,e001,C,8,A-0.00,0,1,Chenalbu,0,0
2016,August,e001,C,9,F-9.52,9.52,0,Chenalbu,0,0
2016,August,e001,C,10,D-3.40,3.4,0,Chenalbu,0,0
2016,August,e001,C,11,B-1.02,1.02,1,Chenalbu,0,0
2016,August,e001,C,12,G-17.0,17,1,Chenalbu,0,0
2016,August,e001,C,13,F-9.52,9.52,1,Chenalbu,0,0
2016,August,e001,C,14,E-5.44,5.44,1,Chenalbu,0,0
2016,August,e001,C,15,H-27.2,27.2,1,Chenalbu,0,4
2016,August,e001,C,16,E-5.44,5.44,1,Chenalbu,0,0
2016,August,e001,C,17,B-1.02,1.02,1,Chenalbu,0,0
2016,August,e001,C,18,I-0.00,0,1,Chenalbu,0,0
2016,August,e001,C,19,D-3.40,3.4,0,Chenalbu,0,0
2016,August,e001,C,20,C-2.04,2.04,0,Chenalbu,0,0
2016,August,e001,C,21,H-27.2,27.2,0,Chenalbu,0,0
2016,August,e001,C,22,G-17.0,17,0,Chenalbu,0,0
2016,August,e001,C,23,H-27.2,27.2,0,Chenalbu,0,0
2016,August,e001,C,24,F-9.52,9.52,0,Chenalbu,0,0
2016,August,e001,C,25,G-17.0,17,1,Chenalbu,12,7
2016,August,e001,C,26,A-0.00,0,1,Chenalbu,0,0
2016,August,e001,C,27,B-1.02,1.02,0,Chenalbu,0,0
2016,August,e001,C,28,I-0.00,0,0,Chenalbu,0,0
2016,August,e001,C,29,H-27.2,27.2,1,Chenalbu,0,0
2016,August,e001,C,30,I-0.00,0,1,Chenalbu,0,0
2016,August,e001,C,31,F-9.52,9.52,1,Chenalbu,0,0
2016,August,e001,C,32,C-2.04,2.04,1,Chenalbu,0,0
2016,August,e001,C,33,I-0.00,0,0,Chenalbu,0,0
2016,August,e001,C,34,C-2.04,2.04,0,Chenalbu,0,0
2016,August,e001,C,35,E-5.44,5.44,0,Chenalbu,0,0
2016,August,e001,C,36,C-2.04,2.04,0,Chenalbu,0,0
2016,August,e001,C,37,B-1.02,1.02,1,Chenalbu,0,0
2016,August,e001,C,38,E-5.44,5.44,0,Chenalbu,0,0
2016,August,e001,C,39,A-0.00,0,0,Chenalbu,0,0
2016,August,e001,C,40,G-17.0,17,0,Chenalbu,0,0
2016,August,e001,C,41,A-0.00,0,0,Chenalbu,0,0
2016,August,e001,C,42,B-1.02,1.02,0,Chenalbu,0,0
2016,August,e001,C,43,A-0.00,0,0,Chenalbu,0,0
2016,August,e001,C,44,H-27.2,27.2,0,Chenalbu,0,0
2016,August,e001,C,45,D-3.40,3.4,0,Chenalbu,0,0
2016,August,e001,C,46,D-3.40,3.4,1,Chenalbu,0,0
2016,August,e001,C,47,A-0.00,0,1,Chenalbu,0,0
2016,August,e001,C,48,G-17.0,17,1,Chenalbu,0,0
2016,August,e001,C,49,E-5.44,5.44,0,Chenalbu,0,0
2016,August,e001,C,50,D-3.40,3.4,1,Chenalbu,0,0
2016,August,e001,C,51,H-27.2,27.2,1,Chenalbu,0,0
2016,August,e001,C,52,F-9.52,9.52,1,Chenalbu,0,0
2016,August,e001,C,53,I-0.00,0,1,Chenalbu,0,0
2016,August,e001,C,54,I-0.00,0,0,Chenalbu,0,0
2016,August,e001,C,1,F-9.52,9.52,0,Chenlept,0,0
2016,August,e001,C,2,C-2.04,2.04,1,Chenlept,0,0
2016,August,e001,C,3,G-17.0,17,0,Chenlept,0,0
2016,August,e001,C,4,B-1.02,1.02,0,Chenlept,0,0
2016,August,e001,C,5,D-3.40,3.4,1,Chenlept,0,0
2016,August,e001,C,6,E-5.44,5.44,1,Chenlept,0,7
2016,August,e001,C,7,C-2.04,2.04,1,Chenlept,0,0
2016,August,e001,C,8,A-0.00,0,1,Chenlept,0,0
2016,August,e001,C,9,F-9.52,9.52,0,Chenlept,0,0
2016,August,e001,C,10,D-3.40,3.4,0,Chenlept,0,0
2016,August,e001,C,11,B-1.02,1.02,1,Chenlept,0,0
2016,August,e001,C,12,G-17.0,17,1,Chenlept,0,0
2016,August,e001,C,13,F-9.52,9.52,1,Chenlept,0,0
2016,August,e001,C,14,E-5.44,5.44,1,Chenlept,0,0
2016,August,e001,C,15,H-27.2,27.2,1,Chenlept,0,0
2016,August,e001,C,16,E-5.44,5.44,1,Chenlept,0,0
2016,August,e001,C,17,B-1.02,1.02,1,Chenlept,0,0
2016,August,e001,C,18,I-0.00,0,1,Chenlept,0,0
2016,August,e001,C,19,D-3.40,3.4,0,Chenlept,0,0
2016,August,e001,C,20,C-2.04,2.04,0,Chenlept,0,0
2016,August,e001,C,21,H-27.2,27.2,0,Chenlept,0,0
2016,August,e001,C,22,G-17.0,17,0,Chenlept,0,0
2016,August,e001,C,23,H-27.2,27.2,0,Chenlept,0,0
2016,August,e001,C,24,F-9.52,9.52,0,Chenlept,0,0
2016,August,e001,C,25,G-17.0,17,1,Chenlept,0,0
2016,August,e001,C,26,A-0.00,0,1,Chenlept,0,0
2016,August,e001,C,27,B-1.02,1.02,0,Chenlept,0,0
2016,August,e001,C,28,I-0.00,0,0,Chenlept,0,0
2016,August,e001,C,29,H-27.2,27.2,1,Chenlept,0,0
2016,August,e001,C,30,I-0.00,0,1,Chenlept,0,0
2016,August,e001,C,31,F-9.52,9.52,1,Chenlept,0,0
2016,August,e001,C,32,C-2.04,2.04,1,Chenlept,0,0
2016,August,e001,C,33,I-0.00,0,0,Chenlept,0,0
2016,August,e001,C,34,C-2.04,2.04,0,Chenlept,0,0
2016,August,e001,C,35,E-5.44,5.44,0,Chenlept,0,0
2016,August,e001,C,36,C-2.04,2.04,0,Chenlept,0,0
2016,August,e001,C,37,B-1.02,1.02,1,Chenlept,0,0
2016,August,e001,C,38,E-5.44,5.44,0,Chenlept,0,0
2016,August,e001,C,39,A-0.00,0,0,Chenlept,0,0
2016,August,e001,C,40,G-17.0,17,0,Chenlept,0,0
2016,August,e001,C,41,A-0.00,0,0,Chenlept,0,0
2016,August,e001,C,42,B-1.02,1.02,0,Chenlept,0,0
2016,August,e001,C,43,A-0.00,0,0,Chenlept,0,0
2016,August,e001,C,44,H-27.2,27.2,0,Chenlept,0,0
2016,August,e001,C,45,D-3.40,3.4,0,Chenlept,0,0
2016,August,e001,C,46,D-3.40,3.4,1,Chenlept,0,0
2016,August,e001,C,47,A-0.00,0,1,Chenlept,0,0
2016,August,e001,C,48,G-17.0,17,1,Chenlept,0,0
2016,August,e001,C,49,E-5.44,5.44,0,Chenlept,0,0
2016,August,e001,C,50,D-3.40,3.4,1,Chenlept,0,0
2016,August,e001,C,51,H-27.2,27.2,1,Chenlept,0,0
2016,August,e001,C,52,F-9.52,9.52,1,Chenlept,0,0
2016,August,e001,C,53,I-0.00,0,1,Chenlept,0,0
2016,August,e001,C,54,I-0.00,0,0,Chenlept,0,0
2016,August,e001,C,1,F-9.52,9.52,0,Coryamer,0,0
2016,August,e001,C,2,C-2.04,2.04,1,Coryamer,0,0
2016,August,e001,C,3,G-17.0,17,0,Coryamer,0,0
2016,August,e001,C,4,B-1.02,1.02,0,Coryamer,0,0
2016,August,e001,C,5,D-3.40,3.4,1,Coryamer,0,0
2016,August,e001,C,6,E-5.44,5.44,1,Coryamer,0,0
2016,August,e001,C,7,C-2.04,2.04,1,Coryamer,0,0
2016,August,e001,C,8,A-0.00,0,1,Coryamer,0,0
2016,August,e001,C,9,F-9.52,9.52,0,Coryamer,0,0
2016,August,e001,C,10,D-3.40,3.4,0,Coryamer,0,0
2016,August,e001,C,11,B-1.02,1.02,1,Coryamer,0,0
2016,August,e001,C,12,G-17.0,17,1,Coryamer,0,0
2016,August,e001,C,13,F-9.52,9.52,1,Coryamer,0,0
2016,August,e001,C,14,E-5.44,5.44,1,Coryamer,0,0
2016,August,e001,C,15,H-27.2,27.2,1,Coryamer,0,0
2016,August,e001,C,16,E-5.44,5.44,1,Coryamer,0,0
2016,August,e001,C,17,B-1.02,1.02,1,Coryamer,0,0
2016,August,e001,C,18,I-0.00,0,1,Coryamer,0,0
2016,August,e001,C,19,D-3.40,3.4,0,Coryamer,0,0
2016,August,e001,C,20,C-2.04,2.04,0,Coryamer,0,0
2016,August,e001,C,21,H-27.2,27.2,0,Coryamer,0,0
2016,August,e001,C,22,G-17.0,17,0,Coryamer,0,0
2016,August,e001,C,23,H-27.2,27.2,0,Coryamer,0,0
2016,August,e001,C,24,F-9.52,9.52,0,Coryamer,0,0
2016,August,e001,C,25,G-17.0,17,1,Coryamer,0,0
2016,August,e001,C,26,A-0.00,0,1,Coryamer,0,0
2016,August,e001,C,27,B-1.02,1.02,0,Coryamer,0,0
2016,August,e001,C,28,I-0.00,0,0,Coryamer,0,0
2016,August,e001,C,29,H-27.2,27.2,1,Coryamer,0,0
2016,August,e001,C,30,I-0.00,0,1,Coryamer,0,0
2016,August,e001,C,31,F-9.52,9.52,1,Coryamer,0,0
2016,August,e001,C,32,C-2.04,2.04,1,Coryamer,0,0
2016,August,e001,C,33,I-0.00,0,0,Coryamer,0,0
2016,August,e001,C,34,C-2.04,2.04,0,Coryamer,10,6
2016,August,e001,C,35,E-5.44,5.44,0,Coryamer,0,0
2016,August,e001,C,36,C-2.04,2.04,0,Coryamer,0,0
2016,August,e001,C,37,B-1.02,1.02,1,Coryamer,0,0
2016,August,e001,C,38,E-5.44,5.44,0,Coryamer,0,0
2016,August,e001,C,39,A-0.00,0,0,Coryamer,0,0
2016,August,e001,C,40,G-17.0,17,0,Coryamer,0,0
2016,August,e001,C,41,A-0.00,0,0,Coryamer,0,0
2016,August,e001,C,42,B-1.02,1.02,0,Coryamer,0,0
2016,August,e001,C,43,A-0.00,0,0,Coryamer,0,0
2016,August,e001,C,44,H-27.2,27.2,0,Coryamer,0,0
2016,August,e001,C,45,D-3.40,3.4,0,Coryamer,0,0
2016,August,e001,C,46,D-3.40,3.4,1,Coryamer,0,2
2016,August,e001,C,47,A-0.00,0,1,Coryamer,0,0
2016,August,e001,C,48,G-17.0,17,1,Coryamer,0,0
2016,August,e001,C,49,E-5.44,5.44,0,Coryamer,0,0
2016,August,e001,C,50,D-3.40,3.4,1,Coryamer,0,0
2016,August,e001,C,51,H-27.2,27.2,1,Coryamer,0,0
2016,August,e001,C,52,F-9.52,9.52,1,Coryamer,0,0
2016,August,e001,C,53,I-0.00,0,1,Coryamer,0,0
2016,August,e001,C,54,I-0.00,0,0,Coryamer,0,0
2016,August,e001,C,1,F-9.52,9.52,0,Equilaev,0,0
2016,August,e001,C,2,C-2.04,2.04,1,Equilaev,0,0
2016,August,e001,C,3,G-17.0,17,0,Equilaev,0,0
2016,August,e001,C,4,B-1.02,1.02,0,Equilaev,0,0
2016,August,e001,C,5,D-3.40,3.4,1,Equilaev,0,0
2016,August,e001,C,6,E-5.44,5.44,1,Equilaev,0,0
2016,August,e001,C,7,C-2.04,2.04,1,Equilaev,0,0
2016,August,e001,C,8,A-0.00,0,1,Equilaev,0,0
2016,August,e001,C,9,F-9.52,9.52,0,Equilaev,0,0
2016,August,e001,C,10,D-3.40,3.4,0,Equilaev,0,0
2016,August,e001,C,11,B-1.02,1.02,1,Equilaev,0,0
2016,August,e001,C,12,G-17.0,17,1,Equilaev,0,0
2016,August,e001,C,13,F-9.52,9.52,1,Equilaev,0,0
2016,August,e001,C,14,E-5.44,5.44,1,Equilaev,0,0
2016,August,e001,C,15,H-27.2,27.2,1,Equilaev,0,0
2016,August,e001,C,16,E-5.44,5.44,1,Equilaev,0,0
2016,August,e001,C,17,B-1.02,1.02,1,Equilaev,0,0
2016,August,e001,C,18,I-0.00,0,1,Equilaev,0,1
2016,August,e001,C,19,D-3.40,3.4,0,Equilaev,0,0
2016,August,e001,C,20,C-2.04,2.04,0,Equilaev,0,0
2016,August,e001,C,21,H-27.2,27.2,0,Equilaev,0,0
2016,August,e001,C,22,G-17.0,17,0,Equilaev,0,0
2016,August,e001,C,23,H-27.2,27.2,0,Equilaev,0,0
2016,August,e001,C,24,F-9.52,9.52,0,Equilaev,0,0
2016,August,e001,C,25,G-17.0,17,1,Equilaev,0,0
2016,August,e001,C,26,A-0.00,0,1,Equilaev,0,0
2016,August,e001,C,27,B-1.02,1.02,0,Equilaev,0,0
2016,August,e001,C,28,I-0.00,0,0,Equilaev,0,0
2016,August,e001,C,29,H-27.2,27.2,1,Equilaev,0,0
2016,August,e001,C,30,I-0.00,0,1,Equilaev,0,0
2016,August,e001,C,31,F-9.52,9.52,1,Equilaev,0,0
2016,August,e001,C,32,C-2.04,2.04,1,Equilaev,0,0
2016,August,e001,C,33,I-0.00,0,0,Equilaev,0,0
2016,August,e001,C,34,C-2.04,2.04,0,Equilaev,0,4
2016,August,e001,C,35,E-5.44,5.44,0,Equilaev,0,0
2016,August,e001,C,36,C-2.04,2.04,0,Equilaev,0,0
2016,August,e001,C,37,B-1.02,1.02,1,Equilaev,0,0
2016,August,e001,C,38,E-5.44,5.44,0,Equilaev,0,0
2016,August,e001,C,39,A-0.00,0,0,Equilaev,0,0
2016,August,e001,C,40,G-17.0,17,0,Equilaev,0,0
2016,August,e001,C,41,A-0.00,0,0,Equilaev,0,0
2016,August,e001,C,42,B-1.02,1.02,0,Equilaev,0,0
2016,August,e001,C,43,A-0.00,0,0,Equilaev,0,0
2016,August,e001,C,44,H-27.2,27.2,0,Equilaev,0,0
2016,August,e001,C,45,D-3.40,3.4,0,Equilaev,0,0
2016,August,e001,C,46,D-3.40,3.4,1,Equilaev,0,0
2016,August,e001,C,47,A-0.00,0,1,Equilaev,0,0
2016,August,e001,C,48,G-17.0,17,1,Equilaev,0,0
2016,August,e001,C,49,E-5.44,5.44,0,Equilaev,0,0
2016,August,e001,C,50,D-3.40,3.4,1,Equilaev,0,0
2016,August,e001,C,51,H-27.2,27.2,1,Equilaev,0,0
2016,August,e001,C,52,F-9.52,9.52,1,Equilaev,0,0
2016,August,e001,C,53,I-0.00,0,1,Equilaev,0,0
2016,August,e001,C,54,I-0.00,0,0,Equilaev,0,0
2016,August,e001,C,1,F-9.52,9.52,0,Erigcana,0,0
2016,August,e001,C,2,C-2.04,2.04,1,Erigcana,0,0
2016,August,e001,C,3,G-17.0,17,0,Erigcana,0,0
2016,August,e001,C,4,B-1.02,1.02,0,Erigcana,0,0
2016,August,e001,C,5,D-3.40,3.4,1,Erigcana,0,0
2016,August,e001,C,6,E-5.44,5.44,1,Erigcana,0,0
2016,August,e001,C,7,C-2.04,2.04,1,Erigcana,0,0
2016,August,e001,C,8,A-0.00,0,1,Erigcana,0,0
2016,August,e001,C,9,F-9.52,9.52,0,Erigcana,0,0
2016,August,e001,C,10,D-3.40,3.4,0,Erigcana,0,0
2016,August,e001,C,11,B-1.02,1.02,1,Erigcana,0,1
2016,August,e001,C,12,G-17.0,17,1,Erigcana,0,0
2016,August,e001,C,13,F-9.52,9.52,1,Erigcana,0,0
2016,August,e001,C,14,E-5.44,5.44,1,Erigcana,0,0
2016,August,e001,C,15,H-27.2,27.2,1,Erigcana,0,0
2016,August,e001,C,16,E-5.44,5.44,1,Erigcana,0,0
2016,August,e001,C,17,B-1.02,1.02,1,Erigcana,0,0
2016,August,e001,C,18,I-0.00,0,1,Erigcana,0,0
2016,August,e001,C,19,D-3.40,3.4,0,Erigcana,0,0
2016,August,e001,C,20,C-2.04,2.04,0,Erigcana,0,0
2016,August,e001,C,21,H-27.2,27.2,0,Erigcana,0,0
2016,August,e001,C,22,G-17.0,17,0,Erigcana,0,0
2016,August,e001,C,23,H-27.2,27.2,0,Erigcana,0,0
2016,August,e001,C,24,F-9.52,9.52,0,Erigcana,0,0
2016,August,e001,C,25,G-17.0,17,1,Erigcana,0,0
2016,August,e001,C,26,A-0.00,0,1,Erigcana,0,0
2016,August,e001,C,27,B-1.02,1.02,0,Erigcana,0,0
2016,August,e001,C,28,I-0.00,0,0,Erigcana,0,0
2016,August,e001,C,29,H-27.2,27.2,1,Erigcana,0,0
2016,August,e001,C,30,I-0.00,0,1,Erigcana,0,0
2016,August,e001,C,31,F-9.52,9.52,1,Erigcana,0,0
2016,August,e001,C,32,C-2.04,2.04,1,Erigcana,0,0
2016,August,e001,C,33,I-0.00,0,0,Erigcana,0,0
2016,August,e001,C,34,C-2.04,2.04,0,Erigcana,0,0
2016,August,e001,C,35,E-5.44,5.44,0,Erigcana,0,0
2016,August,e001,C,36,C-2.04,2.04,0,Erigcana,0,0
2016,August,e001,C,37,B-1.02,1.02,1,Erigcana,0,0
2016,August,e001,C,38,E-5.44,5.44,0,Erigcana,0,0
2016,August,e001,C,39,A-0.00,0,0,Erigcana,0,0
2016,August,e001,C,40,G-17.0,17,0,Erigcana,0,0
2016,August,e001,C,41,A-0.00,0,0,Erigcana,0,0
2016,August,e001,C,42,B-1.02,1.02,0,Erigcana,0,0
2016,August,e001,C,43,A-0.00,0,0,Erigcana,0,0
2016,August,e001,C,44,H-27.2,27.2,0,Erigcana,0,0
2016,August,e001,C,45,D-3.40,3.4,0,Erigcana,0,0
2016,August,e001,C,46,D-3.40,3.4,1,Erigcana,0,0
2016,August,e001,C,47,A-0.00,0,1,Erigcana,0,0
2016,August,e001,C,48,G-17.0,17,1,Erigcana,0,0
2016,August,e001,C,49,E-5.44,5.44,0,Erigcana,0,0
2016,August,e001,C,50,D-3.40,3.4,1,Erigcana,0,0
2016,August,e001,C,51,H-27.2,27.2,1,Erigcana,0,0
2016,August,e001,C,52,F-9.52,9.52,1,Erigcana,0,0
2016,August,e001,C,53,I-0.00,0,1,Erigcana,0,0
2016,August,e001,C,54,I-0.00,0,0,Erigcana,0,1
2016,August,e001,C,1,F-9.52,9.52,0,Euphcoro,0,0
2016,August,e001,C,2,C-2.04,2.04,1,Euphcoro,0,0
2016,August,e001,C,3,G-17.0,17,0,Euphcoro,0,0
2016,August,e001,C,4,B-1.02,1.02,0,Euphcoro,15,10
2016,August,e001,C,5,D-3.40,3.4,1,Euphcoro,0,16
2016,August,e001,C,6,E-5.44,5.44,1,Euphcoro,0,10
2016,August,e001,C,7,C-2.04,2.04,1,Euphcoro,0,4
2016,August,e001,C,8,A-0.00,0,1,Euphcoro,0,0
2016,August,e001,C,9,F-9.52,9.52,0,Euphcoro,0,0
2016,August,e001,C,10,D-3.40,3.4,0,Euphcoro,5,7
2016,August,e001,C,11,B-1.02,1.02,1,Euphcoro,0,37
2016,August,e001,C,12,G-17.0,17,1,Euphcoro,0,0
2016,August,e001,C,13,F-9.52,9.52,1,Euphcoro,0,0
2016,August,e001,C,14,E-5.44,5.44,1,Euphcoro,0,0
2016,August,e001,C,15,H-27.2,27.2,1,Euphcoro,0,0
2016,August,e001,C,16,E-5.44,5.44,1,Euphcoro,0,8
2016,August,e001,C,17,B-1.02,1.02,1,Euphcoro,0,29
2016,August,e001,C,18,I-0.00,0,1,Euphcoro,0,60
2016,August,e001,C,19,D-3.40,3.4,0,Euphcoro,1,0
2016,August,e001,C,20,C-2.04,2.04,0,Euphcoro,0,3
2016,August,e001,C,21,H-27.2,27.2,0,Euphcoro,0,0
2016,August,e001,C,22,G-17.0,17,0,Euphcoro,0,0
2016,August,e001,C,23,H-27.2,27.2,0,Euphcoro,0,0
2016,August,e001,C,24,F-9.52,9.52,0,Euphcoro,0,0
2016,August,e001,C,25,G-17.0,17,1,Euphcoro,0,0
2016,August,e001,C,26,A-0.00,0,1,Euphcoro,0,6
2016,August,e001,C,27,B-1.02,1.02,0,Euphcoro,1,2
2016,August,e001,C,28,I-0.00,0,0,Euphcoro,0,0
2016,August,e001,C,29,H-27.2,27.2,1,Euphcoro,0,0
2016,August,e001,C,30,I-0.00,0,1,Euphcoro,0,24
2016,August,e001,C,31,F-9.52,9.52,1,Euphcoro,0,4
2016,August,e001,C,32,C-2.04,2.04,1,Euphcoro,0,7
2016,August,e001,C,33,I-0.00,0,0,Euphcoro,0,0
2016,August,e001,C,34,C-2.04,2.04,0,Euphcoro,0,0
2016,August,e001,C,35,E-5.44,5.44,0,Euphcoro,0,0
2016,August,e001,C,36,C-2.04,2.04,0,Euphcoro,0,0
2016,August,e001,C,37,B-1.02,1.02,1,Euphcoro,0,9
2016,August,e001,C,38,E-5.44,5.44,0,Euphcoro,0,0
2016,August,e001,C,39,A-0.00,0,0,Euphcoro,0,0
2016,August,e001,C,40,G-17.0,17,0,Euphcoro,0,0
2016,August,e001,C,41,A-0.00,0,0,Euphcoro,0,0
2016,August,e001,C,42,B-1.02,1.02,0,Euphcoro,4,2
2016,August,e001,C,43,A-0.00,0,0,Euphcoro,3,1
2016,August,e001,C,44,H-27.2,27.2,0,Euphcoro,0,0
2016,August,e001,C,45,D-3.40,3.4,0,Euphcoro,0,2
2016,August,e001,C,46,D-3.40,3.4,1,Euphcoro,0,5
2016,August,e001,C,47,A-0.00,0,1,Euphcoro,0,9
2016,August,e001,C,48,G-17.0,17,1,Euphcoro,0,2
2016,August,e001,C,49,E-5.44,5.44,0,Euphcoro,1,1
2016,August,e001,C,50,D-3.40,3.4,1,Euphcoro,0,3
2016,August,e001,C,51,H-27.2,27.2,1,Euphcoro,0,0
2016,August,e001,C,52,F-9.52,9.52,1,Euphcoro,0,7
2016,August,e001,C,53,I-0.00,0,1,Euphcoro,0,33
2016,August,e001,C,54,I-0.00,0,0,Euphcoro,12,37
2016,August,e001,C,1,F-9.52,9.52,0,Helibick,0,0
2016,August,e001,C,2,C-2.04,2.04,1,Helibick,0,0
2016,August,e001,C,3,G-17.0,17,0,Helibick,0,0
2016,August,e001,C,4,B-1.02,1.02,0,Helibick,0,0
2016,August,e001,C,5,D-3.40,3.4,1,Helibick,0,0
2016,August,e001,C,6,E-5.44,5.44,1,Helibick,0,0
2016,August,e001,C,7,C-2.04,2.04,1,Helibick,0,0
2016,August,e001,C,8,A-0.00,0,1,Helibick,0,0
2016,August,e001,C,9,F-9.52,9.52,0,Helibick,0,0
2016,August,e001,C,10,D-3.40,3.4,0,Helibick,0,0
2016,August,e001,C,11,B-1.02,1.02,1,Helibick,0,0
2016,August,e001,C,12,G-17.0,17,1,Helibick,0,0
2016,August,e001,C,13,F-9.52,9.52,1,Helibick,0,0
2016,August,e001,C,14,E-5.44,5.44,1,Helibick,0,0
2016,August,e001,C,15,H-27.2,27.2,1,Helibick,0,0
2016,August,e001,C,16,E-5.44,5.44,1,Helibick,0,0
2016,August,e001,C,17,B-1.02,1.02,1,Helibick,0,0
2016,August,e001,C,18,I-0.00,0,1,Helibick,0,0
2016,August,e001,C,19,D-3.40,3.4,0,Helibick,0,5
2016,August,e001,C,20,C-2.04,2.04,0,Helibick,0,0
2016,August,e001,C,21,H-27.2,27.2,0,Helibick,0,0
2016,August,e001,C,22,G-17.0,17,0,Helibick,0,0
2016,August,e001,C,23,H-27.2,27.2,0,Helibick,0,0
2016,August,e001,C,24,F-9.52,9.52,0,Helibick,0,0
2016,August,e001,C,25,G-17.0,17,1,Helibick,0,0
2016,August,e001,C,26,A-0.00,0,1,Helibick,0,0
2016,August,e001,C,27,B-1.02,1.02,0,Helibick,0,0
2016,August,e001,C,28,I-0.00,0,0,Helibick,0,0
2016,August,e001,C,29,H-27.2,27.2,1,Helibick,0,0
2016,August,e001,C,30,I-0.00,0,1,Helibick,0,0
2016,August,e001,C,31,F-9.52,9.52,1,Helibick,0,0
2016,August,e001,C,32,C-2.04,2.04,1,Helibick,0,0
2016,August,e001,C,33,I-0.00,0,0,Helibick,0,8
2016,August,e001,C,34,C-2.04,2.04,0,Helibick,0,0
2016,August,e001,C,35,E-5.44,5.44,0,Helibick,0,0
2016,August,e001,C,36,C-2.04,2.04,0,Helibick,0,0
2016,August,e001,C,37,B-1.02,1.02,1,Helibick,0,0
2016,August,e001,C,38,E-5.44,5.44,0,Helibick,0,0
2016,August,e001,C,39,A-0.00,0,0,Helibick,0,0
2016,August,e001,C,40,G-17.0,17,0,Helibick,0,0
2016,August,e001,C,41,A-0.00,0,0,Helibick,0,5
2016,August,e001,C,42,B-1.02,1.02,0,Helibick,0,0
2016,August,e001,C,43,A-0.00,0,0,Helibick,0,7
2016,August,e001,C,44,H-27.2,27.2,0,Helibick,0,0
2016,August,e001,C,45,D-3.40,3.4,0,Helibick,0,0
2016,August,e001,C,46,D-3.40,3.4,1,Helibick,0,0
2016,August,e001,C,47,A-0.00,0,1,Helibick,0,0
2016,August,e001,C,48,G-17.0,17,1,Helibick,0,0
2016,August,e001,C,49,E-5.44,5.44,0,Helibick,0,0
2016,August,e001,C,50,D-3.40,3.4,1,Helibick,0,0
2016,August,e001,C,51,H-27.2,27.2,1,Helibick,0,0
2016,August,e001,C,52,F-9.52,9.52,1,Helibick,0,0
2016,August,e001,C,53,I-0.00,0,1,Helibick,0,0
2016,August,e001,C,54,I-0.00,0,0,Helibick,1,6
2016,August,e001,C,1,F-9.52,9.52,0,Lathveno,0,0
2016,August,e001,C,2,C-2.04,2.04,1,Lathveno,0,0
2016,August,e001,C,3,G-17.0,17,0,Lathveno,0,0
2016,August,e001,C,4,B-1.02,1.02,0,Lathveno,0,0
2016,August,e001,C,5,D-3.40,3.4,1,Lathveno,0,5
2016,August,e001,C,6,E-5.44,5.44,1,Lathveno,0,0
2016,August,e001,C,7,C-2.04,2.04,1,Lathveno,0,0
2016,August,e001,C,8,A-0.00,0,1,Lathveno,0,0
2016,August,e001,C,9,F-9.52,9.52,0,Lathveno,0,0
2016,August,e001,C,10,D-3.40,3.4,0,Lathveno,0,0
2016,August,e001,C,11,B-1.02,1.02,1,Lathveno,0,0
2016,August,e001,C,12,G-17.0,17,1,Lathveno,0,0
2016,August,e001,C,13,F-9.52,9.52,1,Lathveno,0,0
2016,August,e001,C,14,E-5.44,5.44,1,Lathveno,0,0
2016,August,e001,C,15,H-27.2,27.2,1,Lathveno,0,0
2016,August,e001,C,16,E-5.44,5.44,1,Lathveno,0,0
2016,August,e001,C,17,B-1.02,1.02,1,Lathveno,0,0
2016,August,e001,C,18,I-0.00,0,1,Lathveno,0,0
2016,August,e001,C,19,D-3.40,3.4,0,Lathveno,0,0
2016,August,e001,C,20,C-2.04,2.04,0,Lathveno,0,0
2016,August,e001,C,21,H-27.2,27.2,0,Lathveno,0,0
2016,August,e001,C,22,G-17.0,17,0,Lathveno,0,0
2016,August,e001,C,23,H-27.2,27.2,0,Lathveno,0,0
2016,August,e001,C,24,F-9.52,9.52,0,Lathveno,0,0
2016,August,e001,C,25,G-17.0,17,1,Lathveno,0,0
2016,August,e001,C,26,A-0.00,0,1,Lathveno,0,34
2016,August,e001,C,27,B-1.02,1.02,0,Lathveno,7,6
2016,August,e001,C,28,I-0.00,0,0,Lathveno,9,14
2016,August,e001,C,29,H-27.2,27.2,1,Lathveno,0,4
2016,August,e001,C,30,I-0.00,0,1,Lathveno,0,0
2016,August,e001,C,31,F-9.52,9.52,1,Lathveno,0,7
2016,August,e001,C,32,C-2.04,2.04,1,Lathveno,0,15
2016,August,e001,C,33,I-0.00,0,0,Lathveno,11,19
2016,August,e001,C,34,C-2.04,2.04,0,Lathveno,7,4
2016,August,e001,C,35,E-5.44,5.44,0,Lathveno,8,8
2016,August,e001,C,36,C-2.04,2.04,0,Lathveno,7,8
2016,August,e001,C,37,B-1.02,1.02,1,Lathveno,0,6
2016,August,e001,C,38,E-5.44,5.44,0,Lathveno,5,3
2016,August,e001,C,39,A-0.00,0,0,Lathveno,11,17
2016,August,e001,C,40,G-17.0,17,0,Lathveno,0,5
2016,August,e001,C,41,A-0.00,0,0,Lathveno,10,2
2016,August,e001,C,42,B-1.02,1.02,0,Lathveno,7,16
2016,August,e001,C,43,A-0.00,0,0,Lathveno,3,5
2016,August,e001,C,44,H-27.2,27.2,0,Lathveno,0,0
2016,August,e001,C,45,D-3.40,3.4,0,Lathveno,5,9
2016,August,e001,C,46,D-3.40,3.4,1,Lathveno,0,27
2016,August,e001,C,47,A-0.00,0,1,Lathveno,0,15
2016,August,e001,C,48,G-17.0,17,1,Lathveno,0,14
2016,August,e001,C,49,E-5.44,5.44,0,Lathveno,0,0
2016,August,e001,C,50,D-3.40,3.4,1,Lathveno,0,13
2016,August,e001,C,51,H-27.2,27.2,1,Lathveno,0,0
2016,August,e001,C,52,F-9.52,9.52,1,Lathveno,0,15
2016,August,e001,C,53,I-0.00,0,1,Lathveno,0,20
2016,August,e001,C,54,I-0.00,0,0,Lathveno,3,11
2016,August,e001,C,1,F-9.52,9.52,0,Lespcapi,0,0
2016,August,e001,C,2,C-2.04,2.04,1,Lespcapi,0,0
2016,August,e001,C,3,G-17.0,17,0,Lespcapi,0,0
2016,August,e001,C,4,B-1.02,1.02,0,Lespcapi,0,1
2016,August,e001,C,5,D-3.40,3.4,1,Lespcapi,0,0
2016,August,e001,C,6,E-5.44,5.44,1,Lespcapi,0,0
2016,August,e001,C,7,C-2.04,2.04,1,Lespcapi,0,0
2016,August,e001,C,8,A-0.00,0,1,Lespcapi,0,0
2016,August,e001,C,9,F-9.52,9.52,0,Lespcapi,0,0
2016,August,e001,C,10,D-3.40,3.4,0,Lespcapi,0,0
2016,August,e001,C,11,B-1.02,1.02,1,Lespcapi,0,0
2016,August,e001,C,12,G-17.0,17,1,Lespcapi,0,0
2016,August,e001,C,13,F-9.52,9.52,1,Lespcapi,0,0
2016,August,e001,C,14,E-5.44,5.44,1,Lespcapi,0,0
2016,August,e001,C,15,H-27.2,27.2,1,Lespcapi,0,0
2016,August,e001,C,16,E-5.44,5.44,1,Lespcapi,0,0
2016,August,e001,C,17,B-1.02,1.02,1,Lespcapi,0,0
2016,August,e001,C,18,I-0.00,0,1,Lespcapi,0,0
2016,August,e001,C,19,D-3.40,3.4,0,Lespcapi,0,0
2016,August,e001,C,20,C-2.04,2.04,0,Lespcapi,0,0
2016,August,e001,C,21,H-27.2,27.2,0,Lespcapi,0,0
2016,August,e001,C,22,G-17.0,17,0,Lespcapi,0,0
2016,August,e001,C,23,H-27.2,27.2,0,Lespcapi,0,0
2016,August,e001,C,24,F-9.52,9.52,0,Lespcapi,0,0
2016,August,e001,C,25,G-17.0,17,1,Lespcapi,0,0
2016,August,e001,C,26,A-0.00,0,1,Lespcapi,0,0
2016,August,e001,C,27,B-1.02,1.02,0,Lespcapi,0,0
2016,August,e001,C,28,I-0.00,0,0,Lespcapi,0,0
2016,August,e001,C,29,H-27.2,27.2,1,Lespcapi,0,0
2016,August,e001,C,30,I-0.00,0,1,Lespcapi,0,11
2016,August,e001,C,31,F-9.52,9.52,1,Lespcapi,0,0
2016,August,e001,C,32,C-2.04,2.04,1,Lespcapi,0,0
2016,August,e001,C,33,I-0.00,0,0,Lespcapi,0,0
2016,August,e001,C,34,C-2.04,2.04,0,Lespcapi,0,0
2016,August,e001,C,35,E-5.44,5.44,0,Lespcapi,0,0
2016,August,e001,C,36,C-2.04,2.04,0,Lespcapi,0,0
2016,August,e001,C,37,B-1.02,1.02,1,Lespcapi,0,0
2016,August,e001,C,38,E-5.44,5.44,0,Lespcapi,0,0
2016,August,e001,C,39,A-0.00,0,0,Lespcapi,0,0
2016,August,e001,C,40,G-17.0,17,0,Lespcapi,0,0
2016,August,e001,C,41,A-0.00,0,0,Lespcapi,0,4
2016,August,e001,C,42,B-1.02,1.02,0,Lespcapi,0,0
2016,August,e001,C,43,A-0.00,0,0,Lespcapi,0,0
2016,August,e001,C,44,H-27.2,27.2,0,Lespcapi,0,0
2016,August,e001,C,45,D-3.40,3.4,0,Lespcapi,0,0
2016,August,e001,C,46,D-3.40,3.4,1,Lespcapi,0,0
2016,August,e001,C,47,A-0.00,0,1,Lespcapi,0,0
2016,August,e001,C,48,G-17.0,17,1,Lespcapi,0,0
2016,August,e001,C,49,E-5.44,5.44,0,Lespcapi,0,0
2016,August,e001,C,50,D-3.40,3.4,1,Lespcapi,0,0
2016,August,e001,C,51,H-27.2,27.2,1,Lespcapi,0,0
2016,August,e001,C,52,F-9.52,9.52,1,Lespcapi,0,0
2016,August,e001,C,53,I-0.00,0,1,Lespcapi,0,0
2016,August,e001,C,54,I-0.00,0,0,Lespcapi,0,0
2016,August,e001,C,1,F-9.52,9.52,0,Liataspe,0,0
2016,August,e001,C,2,C-2.04,2.04,1,Liataspe,0,0
2016,August,e001,C,3,G-17.0,17,0,Liataspe,0,0
2016,August,e001,C,4,B-1.02,1.02,0,Liataspe,0,0
2016,August,e001,C,5,D-3.40,3.4,1,Liataspe,0,0
2016,August,e001,C,6,E-5.44,5.44,1,Liataspe,0,0
2016,August,e001,C,7,C-2.04,2.04,1,Liataspe,0,2
2016,August,e001,C,8,A-0.00,0,1,Liataspe,0,2
2016,August,e001,C,9,F-9.52,9.52,0,Liataspe,0,0
2016,August,e001,C,10,D-3.40,3.4,0,Liataspe,0,0
2016,August,e001,C,11,B-1.02,1.02,1,Liataspe,0,0
2016,August,e001,C,12,G-17.0,17,1,Liataspe,0,0
2016,August,e001,C,13,F-9.52,9.52,1,Liataspe,0,0
2016,August,e001,C,14,E-5.44,5.44,1,Liataspe,0,0
2016,August,e001,C,15,H-27.2,27.2,1,Liataspe,0,0
2016,August,e001,C,16,E-5.44,5.44,1,Liataspe,0,0
2016,August,e001,C,17,B-1.02,1.02,1,Liataspe,0,0
2016,August,e001,C,18,I-0.00,0,1,Liataspe,0,0
2016,August,e001,C,19,D-3.40,3.4,0,Liataspe,0,0
2016,August,e001,C,20,C-2.04,2.04,0,Liataspe,0,0
2016,August,e001,C,21,H-27.2,27.2,0,Liataspe,0,0
2016,August,e001,C,22,G-17.0,17,0,Liataspe,0,0
2016,August,e001,C,23,H-27.2,27.2,0,Liataspe,0,0
2016,August,e001,C,24,F-9.52,9.52,0,Liataspe,0,0
2016,August,e001,C,25,G-17.0,17,1,Liataspe,0,0
2016,August,e001,C,26,A-0.00,0,1,Liataspe,0,0
2016,August,e001,C,27,B-1.02,1.02,0,Liataspe,0,0
2016,August,e001,C,28,I-0.00,0,0,Liataspe,0,0
2016,August,e001,C,29,H-27.2,27.2,1,Liataspe,0,0
2016,August,e001,C,30,I-0.00,0,1,Liataspe,0,0
2016,August,e001,C,31,F-9.52,9.52,1,Liataspe,0,0
2016,August,e001,C,32,C-2.04,2.04,1,Liataspe,0,0
2016,August,e001,C,33,I-0.00,0,0,Liataspe,0,0
2016,August,e001,C,34,C-2.04,2.04,0,Liataspe,0,0
2016,August,e001,C,35,E-5.44,5.44,0,Liataspe,0,0
2016,August,e001,C,36,C-2.04,2.04,0,Liataspe,0,0
2016,August,e001,C,37,B-1.02,1.02,1,Liataspe,0,0
2016,August,e001,C,38,E-5.44,5.44,0,Liataspe,0,0
2016,August,e001,C,39,A-0.00,0,0,Liataspe,0,0
2016,August,e001,C,40,G-17.0,17,0,Liataspe,0,0
2016,August,e001,C,41,A-0.00,0,0,Liataspe,0,0
2016,August,e001,C,42,B-1.02,1.02,0,Liataspe,0,0
2016,August,e001,C,43,A-0.00,0,0,Liataspe,0,0
2016,August,e001,C,44,H-27.2,27.2,0,Liataspe,0,0
2016,August,e001,C,45,D-3.40,3.4,0,Liataspe,0,0
2016,August,e001,C,46,D-3.40,3.4,1,Liataspe,0,0
2016,August,e001,C,47,A-0.00,0,1,Liataspe,0,0
2016,August,e001,C,48,G-17.0,17,1,Liataspe,0,0
2016,August,e001,C,49,E-5.44,5.44,0,Liataspe,0,0
2016,August,e001,C,50,D-3.40,3.4,1,Liataspe,0,0
2016,August,e001,C,51,H-27.2,27.2,1,Liataspe,0,0
2016,August,e001,C,52,F-9.52,9.52,1,Liataspe,0,0
2016,August,e001,C,53,I-0.00,0,1,Liataspe,0,0
2016,August,e001,C,54,I-0.00,0,0,Liataspe,0,0
2016,August,e001,C,1,F-9.52,9.52,0,Lithcane,0,0
2016,August,e001,C,2,C-2.04,2.04,1,Lithcane,0,8
2016,August,e001,C,3,G-17.0,17,0,Lithcane,0,0
2016,August,e001,C,4,B-1.02,1.02,0,Lithcane,0,0
2016,August,e001,C,5,D-3.40,3.4,1,Lithcane,0,0
2016,August,e001,C,6,E-5.44,5.44,1,Lithcane,0,0
2016,August,e001,C,7,C-2.04,2.04,1,Lithcane,0,0
2016,August,e001,C,8,A-0.00,0,1,Lithcane,0,8
2016,August,e001,C,9,F-9.52,9.52,0,Lithcane,0,0
2016,August,e001,C,10,D-3.40,3.4,0,Lithcane,0,0
2016,August,e001,C,11,B-1.02,1.02,1,Lithcane,0,0
2016,August,e001,C,12,G-17.0,17,1,Lithcane,0,0
2016,August,e001,C,13,F-9.52,9.52,1,Lithcane,0,0
2016,August,e001,C,14,E-5.44,5.44,1,Lithcane,0,0
2016,August,e001,C,15,H-27.2,27.2,1,Lithcane,0,0
2016,August,e001,C,16,E-5.44,5.44,1,Lithcane,0,0
2016,August,e001,C,17,B-1.02,1.02,1,Lithcane,0,0
2016,August,e001,C,18,I-0.00,0,1,Lithcane,0,0
2016,August,e001,C,19,D-3.40,3.4,0,Lithcane,0,0
2016,August,e001,C,20,C-2.04,2.04,0,Lithcane,0,0
2016,August,e001,C,21,H-27.2,27.2,0,Lithcane,0,0
2016,August,e001,C,22,G-17.0,17,0,Lithcane,0,0
2016,August,e001,C,23,H-27.2,27.2,0,Lithcane,0,0
2016,August,e001,C,24,F-9.52,9.52,0,Lithcane,0,0
2016,August,e001,C,25,G-17.0,17,1,Lithcane,0,0
2016,August,e001,C,26,A-0.00,0,1,Lithcane,0,0
2016,August,e001,C,27,B-1.02,1.02,0,Lithcane,0,0
2016,August,e001,C,28,I-0.00,0,0,Lithcane,0,14
2016,August,e001,C,29,H-27.2,27.2,1,Lithcane,0,0
2016,August,e001,C,30,I-0.00,0,1,Lithcane,0,0
2016,August,e001,C,31,F-9.52,9.52,1,Lithcane,0,0
2016,August,e001,C,32,C-2.04,2.04,1,Lithcane,0,0
2016,August,e001,C,33,I-0.00,0,0,Lithcane,0,0
2016,August,e001,C,34,C-2.04,2.04,0,Lithcane,0,0
2016,August,e001,C,35,E-5.44,5.44,0,Lithcane,0,0
2016,August,e001,C,36,C-2.04,2.04,0,Lithcane,0,5
2016,August,e001,C,37,B-1.02,1.02,1,Lithcane,0,0
2016,August,e001,C,38,E-5.44,5.44,0,Lithcane,0,0
2016,August,e001,C,39,A-0.00,0,0,Lithcane,0,0
2016,August,e001,C,40,G-17.0,17,0,Lithcane,0,0
2016,August,e001,C,41,A-0.00,0,0,Lithcane,0,0
2016,August,e001,C,42,B-1.02,1.02,0,Lithcane,0,0
2016,August,e001,C,43,A-0.00,0,0,Lithcane,0,5
2016,August,e001,C,44,H-27.2,27.2,0,Lithcane,0,0
2016,August,e001,C,45,D-3.40,3.4,0,Lithcane,0,0
2016,August,e001,C,46,D-3.40,3.4,1,Lithcane,0,0
2016,August,e001,C,47,A-0.00,0,1,Lithcane,0,0
2016,August,e001,C,48,G-17.0,17,1,Lithcane,0,0
2016,August,e001,C,49,E-5.44,5.44,0,Lithcane,0,0
2016,August,e001,C,50,D-3.40,3.4,1,Lithcane,0,0
2016,August,e001,C,51,H-27.2,27.2,1,Lithcane,0,0
2016,August,e001,C,52,F-9.52,9.52,1,Lithcane,0,0
2016,August,e001,C,53,I-0.00,0,1,Lithcane,0,0
2016,August,e001,C,54,I-0.00,0,0,Lithcane,0,0
2016,August,e001,C,1,F-9.52,9.52,0,Lychalba,4,0
2016,August,e001,C,2,C-2.04,2.04,1,Lychalba,0,0
2016,August,e001,C,3,G-17.0,17,0,Lychalba,0,0
2016,August,e001,C,4,B-1.02,1.02,0,Lychalba,0,0
2016,August,e001,C,5,D-3.40,3.4,1,Lychalba,0,0
2016,August,e001,C,6,E-5.44,5.44,1,Lychalba,0,0
2016,August,e001,C,7,C-2.04,2.04,1,Lychalba,0,0
2016,August,e001,C,8,A-0.00,0,1,Lychalba,0,0
2016,August,e001,C,9,F-9.52,9.52,0,Lychalba,0,0
2016,August,e001,C,10,D-3.40,3.4,0,Lychalba,0,0
2016,August,e001,C,11,B-1.02,1.02,1,Lychalba,0,0
2016,August,e001,C,12,G-17.0,17,1,Lychalba,0,0
2016,August,e001,C,13,F-9.52,9.52,1,Lychalba,0,0
2016,August,e001,C,14,E-5.44,5.44,1,Lychalba,0,0
2016,August,e001,C,15,H-27.2,27.2,1,Lychalba,0,0
2016,August,e001,C,16,E-5.44,5.44,1,Lychalba,0,0
2016,August,e001,C,17,B-1.02,1.02,1,Lychalba,0,0
2016,August,e001,C,18,I-0.00,0,1,Lychalba,0,0
2016,August,e001,C,19,D-3.40,3.4,0,Lychalba,0,0
2016,August,e001,C,20,C-2.04,2.04,0,Lychalba,0,0
2016,August,e001,C,21,H-27.2,27.2,0,Lychalba,0,0
2016,August,e001,C,22,G-17.0,17,0,Lychalba,0,0
2016,August,e001,C,23,H-27.2,27.2,0,Lychalba,0,0
2016,August,e001,C,24,F-9.52,9.52,0,Lychalba,0,0
2016,August,e001,C,25,G-17.0,17,1,Lychalba,12,4
2016,August,e001,C,26,A-0.00,0,1,Lychalba,0,0
2016,August,e001,C,27,B-1.02,1.02,0,Lychalba,0,0
2016,August,e001,C,28,I-0.00,0,0,Lychalba,0,0
2016,August,e001,C,29,H-27.2,27.2,1,Lychalba,0,0
2016,August,e001,C,30,I-0.00,0,1,Lychalba,0,0
2016,August,e001,C,31,F-9.52,9.52,1,Lychalba,8,13
2016,August,e001,C,32,C-2.04,2.04,1,Lychalba,0,0
2016,August,e001,C,33,I-0.00,0,0,Lychalba,0,0
2016,August,e001,C,34,C-2.04,2.04,0,Lychalba,0,0
2016,August,e001,C,35,E-5.44,5.44,0,Lychalba,0,0
2016,August,e001,C,36,C-2.04,2.04,0,Lychalba,0,0
2016,August,e001,C,37,B-1.02,1.02,1,Lychalba,0,0
2016,August,e001,C,38,E-5.44,5.44,0,Lychalba,0,0
2016,August,e001,C,39,A-0.00,0,0,Lychalba,0,0
2016,August,e001,C,40,G-17.0,17,0,Lychalba,0,0
2016,August,e001,C,41,A-0.00,0,0,Lychalba,0,0
2016,August,e001,C,42,B-1.02,1.02,0,Lychalba,0,0
2016,August,e001,C,43,A-0.00,0,0,Lychalba,0,0
2016,August,e001,C,44,H-27.2,27.2,0,Lychalba,0,0
2016,August,e001,C,45,D-3.40,3.4,0,Lychalba,0,0
2016,August,e001,C,46,D-3.40,3.4,1,Lychalba,0,0
2016,August,e001,C,47,A-0.00,0,1,Lychalba,0,0
2016,August,e001,C,48,G-17.0,17,1,Lychalba,0,0
2016,August,e001,C,49,E-5.44,5.44,0,Lychalba,0,0
2016,August,e001,C,50,D-3.40,3.4,1,Lychalba,0,0
2016,August,e001,C,51,H-27.2,27.2,1,Lychalba,0,0
2016,August,e001,C,52,F-9.52,9.52,1,Lychalba,0,0
2016,August,e001,C,53,I-0.00,0,1,Lychalba,0,0
2016,August,e001,C,54,I-0.00,0,0,Lychalba,0,0
2016,August,e001,C,1,F-9.52,9.52,0,Oenobien,0,0
2016,August,e001,C,2,C-2.04,2.04,1,Oenobien,0,0
2016,August,e001,C,3,G-17.0,17,0,Oenobien,0,0
2016,August,e001,C,4,B-1.02,1.02,0,Oenobien,0,0
2016,August,e001,C,5,D-3.40,3.4,1,Oenobien,0,5
2016,August,e001,C,6,E-5.44,5.44,1,Oenobien,0,1
2016,August,e001,C,7,C-2.04,2.04,1,Oenobien,0,0
2016,August,e001,C,8,A-0.00,0,1,Oenobien,0,0
2016,August,e001,C,9,F-9.52,9.52,0,Oenobien,0,0
2016,August,e001,C,10,D-3.40,3.4,0,Oenobien,0,0
2016,August,e001,C,11,B-1.02,1.02,1,Oenobien,0,0
2016,August,e001,C,12,G-17.0,17,1,Oenobien,0,2
2016,August,e001,C,13,F-9.52,9.52,1,Oenobien,0,0
2016,August,e001,C,14,E-5.44,5.44,1,Oenobien,0,0
2016,August,e001,C,15,H-27.2,27.2,1,Oenobien,0,0
2016,August,e001,C,16,E-5.44,5.44,1,Oenobien,0,0
2016,August,e001,C,17,B-1.02,1.02,1,Oenobien,0,0
2016,August,e001,C,18,I-0.00,0,1,Oenobien,0,0
2016,August,e001,C,19,D-3.40,3.4,0,Oenobien,0,0
2016,August,e001,C,20,C-2.04,2.04,0,Oenobien,0,0
2016,August,e001,C,21,H-27.2,27.2,0,Oenobien,0,0
2016,August,e001,C,22,G-17.0,17,0,Oenobien,0,0
2016,August,e001,C,23,H-27.2,27.2,0,Oenobien,0,0
2016,August,e001,C,24,F-9.52,9.52,0,Oenobien,0,0
2016,August,e001,C,25,G-17.0,17,1,Oenobien,0,0
2016,August,e001,C,26,A-0.00,0,1,Oenobien,0,0
2016,August,e001,C,27,B-1.02,1.02,0,Oenobien,0,0
2016,August,e001,C,28,I-0.00,0,0,Oenobien,0,0
2016,August,e001,C,29,H-27.2,27.2,1,Oenobien,0,0
2016,August,e001,C,30,I-0.00,0,1,Oenobien,0,0
2016,August,e001,C,31,F-9.52,9.52,1,Oenobien,0,0
2016,August,e001,C,32,C-2.04,2.04,1,Oenobien,0,0
2016,August,e001,C,33,I-0.00,0,0,Oenobien,0,0
2016,August,e001,C,34,C-2.04,2.04,0,Oenobien,0,0
2016,August,e001,C,35,E-5.44,5.44,0,Oenobien,0,0
2016,August,e001,C,36,C-2.04,2.04,0,Oenobien,0,0
2016,August,e001,C,37,B-1.02,1.02,1,Oenobien,0,0
2016,August,e001,C,38,E-5.44,5.44,0,Oenobien,0,0
2016,August,e001,C,39,A-0.00,0,0,Oenobien,0,0
2016,August,e001,C,40,G-17.0,17,0,Oenobien,0,0
2016,August,e001,C,41,A-0.00,0,0,Oenobien,0,0
2016,August,e001,C,42,B-1.02,1.02,0,Oenobien,0,0
2016,August,e001,C,43,A-0.00,0,0,Oenobien,0,0
2016,August,e001,C,44,H-27.2,27.2,0,Oenobien,0,0
2016,August,e001,C,45,D-3.40,3.4,0,Oenobien,0,0
2016,August,e001,C,46,D-3.40,3.4,1,Oenobien,0,0
2016,August,e001,C,47,A-0.00,0,1,Oenobien,0,0
2016,August,e001,C,48,G-17.0,17,1,Oenobien,0,0
2016,August,e001,C,49,E-5.44,5.44,0,Oenobien,0,0
2016,August,e001,C,50,D-3.40,3.4,1,Oenobien,0,0
2016,August,e001,C,51,H-27.2,27.2,1,Oenobien,0,0
2016,August,e001,C,52,F-9.52,9.52,1,Oenobien,0,0
2016,August,e001,C,53,I-0.00,0,1,Oenobien,0,0
2016,August,e001,C,54,I-0.00,0,0,Oenobien,0,0
2016,August,e001,C,1,F-9.52,9.52,0,Paniolig,0,0
2016,August,e001,C,2,C-2.04,2.04,1,Paniolig,0,25
2016,August,e001,C,3,G-17.0,17,0,Paniolig,0,14
2016,August,e001,C,4,B-1.02,1.02,0,Paniolig,0,28
2016,August,e001,C,5,D-3.40,3.4,1,Paniolig,0,0
2016,August,e001,C,6,E-5.44,5.44,1,Paniolig,0,12
2016,August,e001,C,7,C-2.04,2.04,1,Paniolig,0,17
2016,August,e001,C,8,A-0.00,0,1,Paniolig,0,5
2016,August,e001,C,9,F-9.52,9.52,0,Paniolig,0,11
2016,August,e001,C,10,D-3.40,3.4,0,Paniolig,0,12
2016,August,e001,C,11,B-1.02,1.02,1,Paniolig,0,21
2016,August,e001,C,12,G-17.0,17,1,Paniolig,0,0
2016,August,e001,C,13,F-9.52,9.52,1,Paniolig,0,13
2016,August,e001,C,14,E-5.44,5.44,1,Paniolig,0,9
2016,August,e001,C,15,H-27.2,27.2,1,Paniolig,0,0
2016,August,e001,C,16,E-5.44,5.44,1,Paniolig,0,21
2016,August,e001,C,17,B-1.02,1.02,1,Paniolig,0,0
2016,August,e001,C,18,I-0.00,0,1,Paniolig,0,0
2016,August,e001,C,19,D-3.40,3.4,0,Paniolig,0,12
2016,August,e001,C,20,C-2.04,2.04,0,Paniolig,0,23
2016,August,e001,C,21,H-27.2,27.2,0,Paniolig,0,0
2016,August,e001,C,22,G-17.0,17,0,Paniolig,0,0
2016,August,e001,C,23,H-27.2,27.2,0,Paniolig,0,0
2016,August,e001,C,24,F-9.52,9.52,0,Paniolig,0,0
2016,August,e001,C,25,G-17.0,17,1,Paniolig,0,13
2016,August,e001,C,26,A-0.00,0,1,Paniolig,0,5
2016,August,e001,C,27,B-1.02,1.02,0,Paniolig,0,30
2016,August,e001,C,28,I-0.00,0,0,Paniolig,0,6
2016,August,e001,C,29,H-27.2,27.2,1,Paniolig,0,0
2016,August,e001,C,30,I-0.00,0,1,Paniolig,0,5
2016,August,e001,C,31,F-9.52,9.52,1,Paniolig,0,4
2016,August,e001,C,32,C-2.04,2.04,1,Paniolig,0,12
2016,August,e001,C,33,I-0.00,0,0,Paniolig,0,28
2016,August,e001,C,34,C-2.04,2.04,0,Paniolig,0,49
2016,August,e001,C,35,E-5.44,5.44,0,Paniolig,0,6
2016,August,e001,C,36,C-2.04,2.04,0,Paniolig,0,23
2016,August,e001,C,37,B-1.02,1.02,1,Paniolig,0,0
2016,August,e001,C,38,E-5.44,5.44,0,Paniolig,0,8
2016,August,e001,C,39,A-0.00,0,0,Paniolig,0,20
2016,August,e001,C,40,G-17.0,17,0,Paniolig,0,0
2016,August,e001,C,41,A-0.00,0,0,Paniolig,0,38
2016,August,e001,C,42,B-1.02,1.02,0,Paniolig,0,14
2016,August,e001,C,43,A-0.00,0,0,Paniolig,0,4
2016,August,e001,C,44,H-27.2,27.2,0,Paniolig,0,0
2016,August,e001,C,45,D-3.40,3.4,0,Paniolig,0,21
2016,August,e001,C,46,D-3.40,3.4,1,Paniolig,0,0
2016,August,e001,C,47,A-0.00,0,1,Paniolig,0,0
2016,August,e001,C,48,G-17.0,17,1,Paniolig,0,6
2016,August,e001,C,49,E-5.44,5.44,0,Paniolig,0,0
2016,August,e001,C,50,D-3.40,3.4,1,Paniolig,0,4
2016,August,e001,C,51,H-27.2,27.2,1,Paniolig,0,0
2016,August,e001,C,52,F-9.52,9.52,1,Paniolig,0,0
2016,August,e001,C,53,I-0.00,0,1,Paniolig,0,5
2016,August,e001,C,54,I-0.00,0,0,Paniolig,0,0
2016,August,e001,C,1,F-9.52,9.52,0,Poaprate,0,0
2016,August,e001,C,2,C-2.04,2.04,1,Poaprate,0,0
2016,August,e001,C,3,G-17.0,17,0,Poaprate,0,0
2016,August,e001,C,4,B-1.02,1.02,0,Poaprate,0,1
2016,August,e001,C,5,D-3.40,3.4,1,Poaprate,0,0
2016,August,e001,C,6,E-5.44,5.44,1,Poaprate,0,0
2016,August,e001,C,7,C-2.04,2.04,1,Poaprate,0,0
2016,August,e001,C,8,A-0.00,0,1,Poaprate,0,0
2016,August,e001,C,9,F-9.52,9.52,0,Poaprate,0,0
2016,August,e001,C,10,D-3.40,3.4,0,Poaprate,0,0
2016,August,e001,C,11,B-1.02,1.02,1,Poaprate,0,3
2016,August,e001,C,12,G-17.0,17,1,Poaprate,0,0
2016,August,e001,C,13,F-9.52,9.52,1,Poaprate,0,0
2016,August,e001,C,14,E-5.44,5.44,1,Poaprate,0,0
2016,August,e001,C,15,H-27.2,27.2,1,Poaprate,0,0
2016,August,e001,C,16,E-5.44,5.44,1,Poaprate,0,0
2016,August,e001,C,17,B-1.02,1.02,1,Poaprate,0,9
2016,August,e001,C,18,I-0.00,0,1,Poaprate,0,0
2016,August,e001,C,19,D-3.40,3.4,0,Poaprate,0,0
2016,August,e001,C,20,C-2.04,2.04,0,Poaprate,0,0
2016,August,e001,C,21,H-27.2,27.2,0,Poaprate,0,0
2016,August,e001,C,22,G-17.0,17,0,Poaprate,0,0
2016,August,e001,C,23,H-27.2,27.2,0,Poaprate,0,0
2016,August,e001,C,24,F-9.52,9.52,0,Poaprate,0,0
2016,August,e001,C,25,G-17.0,17,1,Poaprate,0,0
2016,August,e001,C,26,A-0.00,0,1,Poaprate,0,0
2016,August,e001,C,27,B-1.02,1.02,0,Poaprate,0,1
2016,August,e001,C,28,I-0.00,0,0,Poaprate,0,0
2016,August,e001,C,29,H-27.2,27.2,1,Poaprate,0,0
2016,August,e001,C,30,I-0.00,0,1,Poaprate,0,0
2016,August,e001,C,31,F-9.52,9.52,1,Poaprate,0,0
2016,August,e001,C,32,C-2.04,2.04,1,Poaprate,0,0
2016,August,e001,C,33,I-0.00,0,0,Poaprate,0,0
2016,August,e001,C,34,C-2.04,2.04,0,Poaprate,0,0
2016,August,e001,C,35,E-5.44,5.44,0,Poaprate,0,0
2016,August,e001,C,36,C-2.04,2.04,0,Poaprate,0,7
2016,August,e001,C,37,B-1.02,1.02,1,Poaprate,0,24
2016,August,e001,C,38,E-5.44,5.44,0,Poaprate,0,0
2016,August,e001,C,39,A-0.00,0,0,Poaprate,0,2
2016,August,e001,C,40,G-17.0,17,0,Poaprate,0,0
2016,August,e001,C,41,A-0.00,0,0,Poaprate,0,0
2016,August,e001,C,42,B-1.02,1.02,0,Poaprate,0,1
2016,August,e001,C,43,A-0.00,0,0,Poaprate,0,0
2016,August,e001,C,44,H-27.2,27.2,0,Poaprate,0,0
2016,August,e001,C,45,D-3.40,3.4,0,Poaprate,0,0
2016,August,e001,C,46,D-3.40,3.4,1,Poaprate,0,0
2016,August,e001,C,47,A-0.00,0,1,Poaprate,0,0
2016,August,e001,C,48,G-17.0,17,1,Poaprate,0,0
2016,August,e001,C,49,E-5.44,5.44,0,Poaprate,0,0
2016,August,e001,C,50,D-3.40,3.4,1,Poaprate,0,0
2016,August,e001,C,51,H-27.2,27.2,1,Poaprate,0,0
2016,August,e001,C,52,F-9.52,9.52,1,Poaprate,0,0
2016,August,e001,C,53,I-0.00,0,1,Poaprate,0,12
2016,August,e001,C,54,I-0.00,0,0,Poaprate,0,0
2016,August,e001,C,1,F-9.52,9.52,0,Polyconv,0,2
2016,August,e001,C,2,C-2.04,2.04,1,Polyconv,0,0
2016,August,e001,C,3,G-17.0,17,0,Polyconv,0,0
2016,August,e001,C,4,B-1.02,1.02,0,Polyconv,0,0
2016,August,e001,C,5,D-3.40,3.4,1,Polyconv,0,0
2016,August,e001,C,6,E-5.44,5.44,1,Polyconv,0,0
2016,August,e001,C,7,C-2.04,2.04,1,Polyconv,0,0
2016,August,e001,C,8,A-0.00,0,1,Polyconv,0,0
2016,August,e001,C,9,F-9.52,9.52,0,Polyconv,0,0
2016,August,e001,C,10,D-3.40,3.4,0,Polyconv,0,0
2016,August,e001,C,11,B-1.02,1.02,1,Polyconv,0,0
2016,August,e001,C,12,G-17.0,17,1,Polyconv,0,0
2016,August,e001,C,13,F-9.52,9.52,1,Polyconv,0,6
2016,August,e001,C,14,E-5.44,5.44,1,Polyconv,0,0
2016,August,e001,C,15,H-27.2,27.2,1,Polyconv,0,4
2016,August,e001,C,16,E-5.44,5.44,1,Polyconv,0,0
2016,August,e001,C,17,B-1.02,1.02,1,Polyconv,0,0
2016,August,e001,C,18,I-0.00,0,1,Polyconv,0,0
2016,August,e001,C,19,D-3.40,3.4,0,Polyconv,0,0
2016,August,e001,C,20,C-2.04,2.04,0,Polyconv,0,0
2016,August,e001,C,21,H-27.2,27.2,0,Polyconv,0,0
2016,August,e001,C,22,G-17.0,17,0,Polyconv,0,0
2016,August,e001,C,23,H-27.2,27.2,0,Polyconv,0,0
2016,August,e001,C,24,F-9.52,9.52,0,Polyconv,0,0
2016,August,e001,C,25,G-17.0,17,1,Polyconv,0,0
2016,August,e001,C,26,A-0.00,0,1,Polyconv,0,0
2016,August,e001,C,27,B-1.02,1.02,0,Polyconv,0,0
2016,August,e001,C,28,I-0.00,0,0,Polyconv,0,0
2016,August,e001,C,29,H-27.2,27.2,1,Polyconv,0,0
2016,August,e001,C,30,I-0.00,0,1,Polyconv,0,0
2016,August,e001,C,31,F-9.52,9.52,1,Polyconv,0,0
2016,August,e001,C,32,C-2.04,2.04,1,Polyconv,0,0
2016,August,e001,C,33,I-0.00,0,0,Polyconv,0,0
2016,August,e001,C,34,C-2.04,2.04,0,Polyconv,0,0
2016,August,e001,C,35,E-5.44,5.44,0,Polyconv,0,0
2016,August,e001,C,36,C-2.04,2.04,0,Polyconv,0,0
2016,August,e001,C,37,B-1.02,1.02,1,Polyconv,0,0
2016,August,e001,C,38,E-5.44,5.44,0,Polyconv,0,0
2016,August,e001,C,39,A-0.00,0,0,Polyconv,0,0
2016,August,e001,C,40,G-17.0,17,0,Polyconv,0,0
2016,August,e001,C,41,A-0.00,0,0,Polyconv,0,0
2016,August,e001,C,42,B-1.02,1.02,0,Polyconv,0,0
2016,August,e001,C,43,A-0.00,0,0,Polyconv,0,0
2016,August,e001,C,44,H-27.2,27.2,0,Polyconv,0,40
2016,August,e001,C,45,D-3.40,3.4,0,Polyconv,0,0
2016,August,e001,C,46,D-3.40,3.4,1,Polyconv,0,0
2016,August,e001,C,47,A-0.00,0,1,Polyconv,0,0
2016,August,e001,C,48,G-17.0,17,1,Polyconv,0,3
2016,August,e001,C,49,E-5.44,5.44,0,Polyconv,0,0
2016,August,e001,C,50,D-3.40,3.4,1,Polyconv,0,0
2016,August,e001,C,51,H-27.2,27.2,1,Polyconv,0,29
2016,August,e001,C,52,F-9.52,9.52,1,Polyconv,0,0
2016,August,e001,C,53,I-0.00,0,1,Polyconv,0,0
2016,August,e001,C,54,I-0.00,0,0,Polyconv,0,0
2016,August,e001,C,1,F-9.52,9.52,0,Rosaarka,0,0
2016,August,e001,C,2,C-2.04,2.04,1,Rosaarka,0,5
2016,August,e001,C,3,G-17.0,17,0,Rosaarka,0,0
2016,August,e001,C,4,B-1.02,1.02,0,Rosaarka,0,0
2016,August,e001,C,5,D-3.40,3.4,1,Rosaarka,0,0
2016,August,e001,C,6,E-5.44,5.44,1,Rosaarka,0,0
2016,August,e001,C,7,C-2.04,2.04,1,Rosaarka,0,0
2016,August,e001,C,8,A-0.00,0,1,Rosaarka,0,2
2016,August,e001,C,9,F-9.52,9.52,0,Rosaarka,4,0
2016,August,e001,C,10,D-3.40,3.4,0,Rosaarka,0,0
2016,August,e001,C,11,B-1.02,1.02,1,Rosaarka,0,0
2016,August,e001,C,12,G-17.0,17,1,Rosaarka,0,0
2016,August,e001,C,13,F-9.52,9.52,1,Rosaarka,0,2
2016,August,e001,C,14,E-5.44,5.44,1,Rosaarka,0,0
2016,August,e001,C,15,H-27.2,27.2,1,Rosaarka,0,0
2016,August,e001,C,16,E-5.44,5.44,1,Rosaarka,0,0
2016,August,e001,C,17,B-1.02,1.02,1,Rosaarka,0,0
2016,August,e001,C,18,I-0.00,0,1,Rosaarka,0,0
2016,August,e001,C,19,D-3.40,3.4,0,Rosaarka,0,0
2016,August,e001,C,20,C-2.04,2.04,0,Rosaarka,0,0
2016,August,e001,C,21,H-27.2,27.2,0,Rosaarka,0,0
2016,August,e001,C,22,G-17.0,17,0,Rosaarka,0,0
2016,August,e001,C,23,H-27.2,27.2,0,Rosaarka,0,0
2016,August,e001,C,24,F-9.52,9.52,0,Rosaarka,0,0
2016,August,e001,C,25,G-17.0,17,1,Rosaarka,0,0
2016,August,e001,C,26,A-0.00,0,1,Rosaarka,0,0
2016,August,e001,C,27,B-1.02,1.02,0,Rosaarka,3,0
2016,August,e001,C,28,I-0.00,0,0,Rosaarka,0,0
2016,August,e001,C,29,H-27.2,27.2,1,Rosaarka,0,0
2016,August,e001,C,30,I-0.00,0,1,Rosaarka,0,0
2016,August,e001,C,31,F-9.52,9.52,1,Rosaarka,0,0
2016,August,e001,C,32,C-2.04,2.04,1,Rosaarka,0,0
2016,August,e001,C,33,I-0.00,0,0,Rosaarka,0,0
2016,August,e001,C,34,C-2.04,2.04,0,Rosaarka,0,0
2016,August,e001,C,35,E-5.44,5.44,0,Rosaarka,0,0
2016,August,e001,C,36,C-2.04,2.04,0,Rosaarka,0,0
2016,August,e001,C,37,B-1.02,1.02,1,Rosaarka,0,0
2016,August,e001,C,38,E-5.44,5.44,0,Rosaarka,0,0
2016,August,e001,C,39,A-0.00,0,0,Rosaarka,0,0
2016,August,e001,C,40,G-17.0,17,0,Rosaarka,0,0
2016,August,e001,C,41,A-0.00,0,0,Rosaarka,0,0
2016,August,e001,C,42,B-1.02,1.02,0,Rosaarka,0,0
2016,August,e001,C,43,A-0.00,0,0,Rosaarka,0,0
2016,August,e001,C,44,H-27.2,27.2,0,Rosaarka,0,0
2016,August,e001,C,45,D-3.40,3.4,0,Rosaarka,0,0
2016,August,e001,C,46,D-3.40,3.4,1,Rosaarka,0,2
2016,August,e001,C,47,A-0.00,0,1,Rosaarka,0,11
2016,August,e001,C,48,G-17.0,17,1,Rosaarka,0,0
2016,August,e001,C,49,E-5.44,5.44,0,Rosaarka,0,0
2016,August,e001,C,50,D-3.40,3.4,1,Rosaarka,0,0
2016,August,e001,C,51,H-27.2,27.2,1,Rosaarka,0,0
2016,August,e001,C,52,F-9.52,9.52,1,Rosaarka,0,0
2016,August,e001,C,53,I-0.00,0,1,Rosaarka,0,0
2016,August,e001,C,54,I-0.00,0,0,Rosaarka,0,0
2016,August,e001,C,1,F-9.52,9.52,0,Rubussp,0,0
2016,August,e001,C,2,C-2.04,2.04,1,Rubussp,0,1
2016,August,e001,C,3,G-17.0,17,0,Rubussp,0,0
2016,August,e001,C,4,B-1.02,1.02,0,Rubussp,0,0
2016,August,e001,C,5,D-3.40,3.4,1,Rubussp,0,0
2016,August,e001,C,6,E-5.44,5.44,1,Rubussp,0,0
2016,August,e001,C,7,C-2.04,2.04,1,Rubussp,0,0
2016,August,e001,C,8,A-0.00,0,1,Rubussp,0,0
2016,August,e001,C,9,F-9.52,9.52,0,Rubussp,0,0
2016,August,e001,C,10,D-3.40,3.4,0,Rubussp,0,0
2016,August,e001,C,11,B-1.02,1.02,1,Rubussp,0,0
2016,August,e001,C,12,G-17.0,17,1,Rubussp,0,0
2016,August,e001,C,13,F-9.52,9.52,1,Rubussp,0,0
2016,August,e001,C,14,E-5.44,5.44,1,Rubussp,0,0
2016,August,e001,C,15,H-27.2,27.2,1,Rubussp,0,0
2016,August,e001,C,16,E-5.44,5.44,1,Rubussp,0,0
2016,August,e001,C,17,B-1.02,1.02,1,Rubussp,0,5
2016,August,e001,C,18,I-0.00,0,1,Rubussp,0,0
2016,August,e001,C,19,D-3.40,3.4,0,Rubussp,0,0
2016,August,e001,C,20,C-2.04,2.04,0,Rubussp,0,0
2016,August,e001,C,21,H-27.2,27.2,0,Rubussp,0,0
2016,August,e001,C,22,G-17.0,17,0,Rubussp,0,0
2016,August,e001,C,23,H-27.2,27.2,0,Rubussp,0,0
2016,August,e001,C,24,F-9.52,9.52,0,Rubussp,0,0
2016,August,e001,C,25,G-17.0,17,1,Rubussp,0,0
2016,August,e001,C,26,A-0.00,0,1,Rubussp,0,0
2016,August,e001,C,27,B-1.02,1.02,0,Rubussp,0,0
2016,August,e001,C,28,I-0.00,0,0,Rubussp,0,0
2016,August,e001,C,29,H-27.2,27.2,1,Rubussp,0,0
2016,August,e001,C,30,I-0.00,0,1,Rubussp,0,0
2016,August,e001,C,31,F-9.52,9.52,1,Rubussp,0,0
2016,August,e001,C,32,C-2.04,2.04,1,Rubussp,0,0
2016,August,e001,C,33,I-0.00,0,0,Rubussp,0,0
2016,August,e001,C,34,C-2.04,2.04,0,Rubussp,0,0
2016,August,e001,C,35,E-5.44,5.44,0,Rubussp,0,0
2016,August,e001,C,36,C-2.04,2.04,0,Rubussp,0,0
2016,August,e001,C,37,B-1.02,1.02,1,Rubussp,0,0
2016,August,e001,C,38,E-5.44,5.44,0,Rubussp,0,0
2016,August,e001,C,39,A-0.00,0,0,Rubussp,0,0
2016,August,e001,C,40,G-17.0,17,0,Rubussp,0,0
2016,August,e001,C,41,A-0.00,0,0,Rubussp,0,0
2016,August,e001,C,42,B-1.02,1.02,0,Rubussp,0,0
2016,August,e001,C,43,A-0.00,0,0,Rubussp,0,0
2016,August,e001,C,44,H-27.2,27.2,0,Rubussp,0,0
2016,August,e001,C,45,D-3.40,3.4,0,Rubussp,0,0
2016,August,e001,C,46,D-3.40,3.4,1,Rubussp,0,0
2016,August,e001,C,47,A-0.00,0,1,Rubussp,0,0
2016,August,e001,C,48,G-17.0,17,1,Rubussp,0,0
2016,August,e001,C,49,E-5.44,5.44,0,Rubussp,0,0
2016,August,e001,C,50,D-3.40,3.4,1,Rubussp,0,0
2016,August,e001,C,51,H-27.2,27.2,1,Rubussp,0,0
2016,August,e001,C,52,F-9.52,9.52,1,Rubussp,0,0
2016,August,e001,C,53,I-0.00,0,1,Rubussp,0,0
2016,August,e001,C,54,I-0.00,0,0,Rubussp,0,0
2016,August,e001,C,1,F-9.52,9.52,0,Rudbhirt,0,0
2016,August,e001,C,2,C-2.04,2.04,1,Rudbhirt,0,0
2016,August,e001,C,3,G-17.0,17,0,Rudbhirt,0,0
2016,August,e001,C,4,B-1.02,1.02,0,Rudbhirt,0,0
2016,August,e001,C,5,D-3.40,3.4,1,Rudbhirt,0,0
2016,August,e001,C,6,E-5.44,5.44,1,Rudbhirt,0,0
2016,August,e001,C,7,C-2.04,2.04,1,Rudbhirt,0,0
2016,August,e001,C,8,A-0.00,0,1,Rudbhirt,0,0
2016,August,e001,C,9,F-9.52,9.52,0,Rudbhirt,0,0
2016,August,e001,C,10,D-3.40,3.4,0,Rudbhirt,0,0
2016,August,e001,C,11,B-1.02,1.02,1,Rudbhirt,0,0
2016,August,e001,C,12,G-17.0,17,1,Rudbhirt,0,0
2016,August,e001,C,13,F-9.52,9.52,1,Rudbhirt,0,0
2016,August,e001,C,14,E-5.44,5.44,1,Rudbhirt,0,0
2016,August,e001,C,15,H-27.2,27.2,1,Rudbhirt,0,0
2016,August,e001,C,16,E-5.44,5.44,1,Rudbhirt,0,0
2016,August,e001,C,17,B-1.02,1.02,1,Rudbhirt,0,0
2016,August,e001,C,18,I-0.00,0,1,Rudbhirt,0,0
2016,August,e001,C,19,D-3.40,3.4,0,Rudbhirt,0,0
2016,August,e001,C,20,C-2.04,2.04,0,Rudbhirt,0,0
2016,August,e001,C,21,H-27.2,27.2,0,Rudbhirt,0,0
2016,August,e001,C,22,G-17.0,17,0,Rudbhirt,0,0
2016,August,e001,C,23,H-27.2,27.2,0,Rudbhirt,0,0
2016,August,e001,C,24,F-9.52,9.52,0,Rudbhirt,0,0
2016,August,e001,C,25,G-17.0,17,1,Rudbhirt,0,0
2016,August,e001,C,26,A-0.00,0,1,Rudbhirt,0,0
2016,August,e001,C,27,B-1.02,1.02,0,Rudbhirt,0,0
2016,August,e001,C,28,I-0.00,0,0,Rudbhirt,0,0
2016,August,e001,C,29,H-27.2,27.2,1,Rudbhirt,0,0
2016,August,e001,C,30,I-0.00,0,1,Rudbhirt,0,1
2016,August,e001,C,31,F-9.52,9.52,1,Rudbhirt,0,0
2016,August,e001,C,32,C-2.04,2.04,1,Rudbhirt,0,0
2016,August,e001,C,33,I-0.00,0,0,Rudbhirt,0,0
2016,August,e001,C,34,C-2.04,2.04,0,Rudbhirt,0,0
2016,August,e001,C,35,E-5.44,5.44,0,Rudbhirt,0,0
2016,August,e001,C,36,C-2.04,2.04,0,Rudbhirt,0,0
2016,August,e001,C,37,B-1.02,1.02,1,Rudbhirt,0,0
2016,August,e001,C,38,E-5.44,5.44,0,Rudbhirt,0,0
2016,August,e001,C,39,A-0.00,0,0,Rudbhirt,0,0
2016,August,e001,C,40,G-17.0,17,0,Rudbhirt,0,0
2016,August,e001,C,41,A-0.00,0,0,Rudbhirt,0,0
2016,August,e001,C,42,B-1.02,1.02,0,Rudbhirt,0,0
2016,August,e001,C,43,A-0.00,0,0,Rudbhirt,0,0
2016,August,e001,C,44,H-27.2,27.2,0,Rudbhirt,0,0
2016,August,e001,C,45,D-3.40,3.4,0,Rudbhirt,0,0
2016,August,e001,C,46,D-3.40,3.4,1,Rudbhirt,0,0
2016,August,e001,C,47,A-0.00,0,1,Rudbhirt,0,0
2016,August,e001,C,48,G-17.0,17,1,Rudbhirt,0,0
2016,August,e001,C,49,E-5.44,5.44,0,Rudbhirt,0,0
2016,August,e001,C,50,D-3.40,3.4,1,Rudbhirt,0,0
2016,August,e001,C,51,H-27.2,27.2,1,Rudbhirt,0,0
2016,August,e001,C,52,F-9.52,9.52,1,Rudbhirt,0,0
2016,August,e001,C,53,I-0.00,0,1,Rudbhirt,0,0
2016,August,e001,C,54,I-0.00,0,0,Rudbhirt,0,0
2016,August,e001,C,1,F-9.52,9.52,0,Rumeacet,0,0
2016,August,e001,C,2,C-2.04,2.04,1,Rumeacet,0,0
2016,August,e001,C,3,G-17.0,17,0,Rumeacet,0,0
2016,August,e001,C,4,B-1.02,1.02,0,Rumeacet,0,0
2016,August,e001,C,5,D-3.40,3.4,1,Rumeacet,0,0
2016,August,e001,C,6,E-5.44,5.44,1,Rumeacet,0,0
2016,August,e001,C,7,C-2.04,2.04,1,Rumeacet,0,0
2016,August,e001,C,8,A-0.00,0,1,Rumeacet,0,0
2016,August,e001,C,9,F-9.52,9.52,0,Rumeacet,0,0
2016,August,e001,C,10,D-3.40,3.4,0,Rumeacet,0,0
2016,August,e001,C,11,B-1.02,1.02,1,Rumeacet,0,0
2016,August,e001,C,12,G-17.0,17,1,Rumeacet,0,0
2016,August,e001,C,13,F-9.52,9.52,1,Rumeacet,0,0
2016,August,e001,C,14,E-5.44,5.44,1,Rumeacet,0,0
2016,August,e001,C,15,H-27.2,27.2,1,Rumeacet,0,0
2016,August,e001,C,16,E-5.44,5.44,1,Rumeacet,0,0
2016,August,e001,C,17,B-1.02,1.02,1,Rumeacet,0,0
2016,August,e001,C,18,I-0.00,0,1,Rumeacet,0,0
2016,August,e001,C,19,D-3.40,3.4,0,Rumeacet,0,0
2016,August,e001,C,20,C-2.04,2.04,0,Rumeacet,0,0
2016,August,e001,C,21,H-27.2,27.2,0,Rumeacet,0,0
2016,August,e001,C,22,G-17.0,17,0,Rumeacet,0,0
2016,August,e001,C,23,H-27.2,27.2,0,Rumeacet,0,0
2016,August,e001,C,24,F-9.52,9.52,0,Rumeacet,0,0
2016,August,e001,C,25,G-17.0,17,1,Rumeacet,0,0
2016,August,e001,C,26,A-0.00,0,1,Rumeacet,0,0
2016,August,e001,C,27,B-1.02,1.02,0,Rumeacet,0,0
2016,August,e001,C,28,I-0.00,0,0,Rumeacet,0,0
2016,August,e001,C,29,H-27.2,27.2,1,Rumeacet,0,0
2016,August,e001,C,30,I-0.00,0,1,Rumeacet,0,0
2016,August,e001,C,31,F-9.52,9.52,1,Rumeacet,0,0
2016,August,e001,C,32,C-2.04,2.04,1,Rumeacet,0,0
2016,August,e001,C,33,I-0.00,0,0,Rumeacet,0,0
2016,August,e001,C,34,C-2.04,2.04,0,Rumeacet,0,0
2016,August,e001,C,35,E-5.44,5.44,0,Rumeacet,0,0
2016,August,e001,C,36,C-2.04,2.04,0,Rumeacet,0,0
2016,August,e001,C,37,B-1.02,1.02,1,Rumeacet,0,0
2016,August,e001,C,38,E-5.44,5.44,0,Rumeacet,0,0
2016,August,e001,C,39,A-0.00,0,0,Rumeacet,0,0
2016,August,e001,C,40,G-17.0,17,0,Rumeacet,0,0
2016,August,e001,C,41,A-0.00,0,0,Rumeacet,0,0
2016,August,e001,C,42,B-1.02,1.02,0,Rumeacet,0,0
2016,August,e001,C,43,A-0.00,0,0,Rumeacet,0,0
2016,August,e001,C,44,H-27.2,27.2,0,Rumeacet,0,0
2016,August,e001,C,45,D-3.40,3.4,0,Rumeacet,0,0
2016,August,e001,C,46,D-3.40,3.4,1,Rumeacet,0,0
2016,August,e001,C,47,A-0.00,0,1,Rumeacet,0,0
2016,August,e001,C,48,G-17.0,17,1,Rumeacet,0,0
2016,August,e001,C,49,E-5.44,5.44,0,Rumeacet,0,0
2016,August,e001,C,50,D-3.40,3.4,1,Rumeacet,0,0
2016,August,e001,C,51,H-27.2,27.2,1,Rumeacet,0,0
2016,August,e001,C,52,F-9.52,9.52,1,Rumeacet,0,0
2016,August,e001,C,53,I-0.00,0,1,Rumeacet,0,26
2016,August,e001,C,54,I-0.00,0,0,Rumeacet,3,11
2016,August,e001,C,1,F-9.52,9.52,0,Schiscop,0,0
2016,August,e001,C,2,C-2.04,2.04,1,Schiscop,0,0
2016,August,e001,C,3,G-17.0,17,0,Schiscop,0,0
2016,August,e001,C,4,B-1.02,1.02,0,Schiscop,0,14
2016,August,e001,C,5,D-3.40,3.4,1,Schiscop,0,0
2016,August,e001,C,6,E-5.44,5.44,1,Schiscop,0,0
2016,August,e001,C,7,C-2.04,2.04,1,Schiscop,0,10
2016,August,e001,C,8,A-0.00,0,1,Schiscop,0,24
2016,August,e001,C,9,F-9.52,9.52,0,Schiscop,0,0
2016,August,e001,C,10,D-3.40,3.4,0,Schiscop,0,0
2016,August,e001,C,11,B-1.02,1.02,1,Schiscop,0,23
2016,August,e001,C,12,G-17.0,17,1,Schiscop,0,0
2016,August,e001,C,13,F-9.52,9.52,1,Schiscop,0,0
2016,August,e001,C,14,E-5.44,5.44,1,Schiscop,0,0
2016,August,e001,C,15,H-27.2,27.2,1,Schiscop,0,0
2016,August,e001,C,16,E-5.44,5.44,1,Schiscop,0,0
2016,August,e001,C,17,B-1.02,1.02,1,Schiscop,0,26
2016,August,e001,C,18,I-0.00,0,1,Schiscop,0,30
2016,August,e001,C,19,D-3.40,3.4,0,Schiscop,0,16
2016,August,e001,C,20,C-2.04,2.04,0,Schiscop,0,53
2016,August,e001,C,21,H-27.2,27.2,0,Schiscop,0,0
2016,August,e001,C,22,G-17.0,17,0,Schiscop,0,0
2016,August,e001,C,23,H-27.2,27.2,0,Schiscop,0,0
2016,August,e001,C,24,F-9.52,9.52,0,Schiscop,0,0
2016,August,e001,C,25,G-17.0,17,1,Schiscop,0,0
2016,August,e001,C,26,A-0.00,0,1,Schiscop,0,0
2016,August,e001,C,27,B-1.02,1.02,0,Schiscop,0,29
2016,August,e001,C,28,I-0.00,0,0,Schiscop,0,135
2016,August,e001,C,29,H-27.2,27.2,1,Schiscop,0,0
2016,August,e001,C,30,I-0.00,0,1,Schiscop,0,0
2016,August,e001,C,31,F-9.52,9.52,1,Schiscop,0,0
2016,August,e001,C,32,C-2.04,2.04,1,Schiscop,0,0
2016,August,e001,C,33,I-0.00,0,0,Schiscop,0,0
2016,August,e001,C,34,C-2.04,2.04,0,Schiscop,0,1
2016,August,e001,C,35,E-5.44,5.44,0,Schiscop,0,0
2016,August,e001,C,36,C-2.04,2.04,0,Schiscop,0,17
2016,August,e001,C,37,B-1.02,1.02,1,Schiscop,0,9
2016,August,e001,C,38,E-5.44,5.44,0,Schiscop,0,0
2016,August,e001,C,39,A-0.00,0,0,Schiscop,0,8
2016,August,e001,C,40,G-17.0,17,0,Schiscop,0,0
2016,August,e001,C,41,A-0.00,0,0,Schiscop,0,0
2016,August,e001,C,42,B-1.02,1.02,0,Schiscop,0,12
2016,August,e001,C,43,A-0.00,0,0,Schiscop,0,0
2016,August,e001,C,44,H-27.2,27.2,0,Schiscop,0,0
2016,August,e001,C,45,D-3.40,3.4,0,Schiscop,0,0
2016,August,e001,C,46,D-3.40,3.4,1,Schiscop,0,0
2016,August,e001,C,47,A-0.00,0,1,Schiscop,0,0
2016,August,e001,C,48,G-17.0,17,1,Schiscop,0,0
2016,August,e001,C,49,E-5.44,5.44,0,Schiscop,0,0
2016,August,e001,C,50,D-3.40,3.4,1,Schiscop,0,0
2016,August,e001,C,51,H-27.2,27.2,1,Schiscop,0,0
2016,August,e001,C,52,F-9.52,9.52,1,Schiscop,0,0
2016,August,e001,C,53,I-0.00,0,1,Schiscop,0,30
2016,August,e001,C,54,I-0.00,0,0,Schiscop,0,120
2016,August,e001,C,1,F-9.52,9.52,0,Solinemo,0,0
2016,August,e001,C,2,C-2.04,2.04,1,Solinemo,0,0
2016,August,e001,C,3,G-17.0,17,0,Solinemo,0,0
2016,August,e001,C,4,B-1.02,1.02,0,Solinemo,0,0
2016,August,e001,C,5,D-3.40,3.4,1,Solinemo,0,0
2016,August,e001,C,6,E-5.44,5.44,1,Solinemo,0,0
2016,August,e001,C,7,C-2.04,2.04,1,Solinemo,0,0
2016,August,e001,C,8,A-0.00,0,1,Solinemo,0,7
2016,August,e001,C,9,F-9.52,9.52,0,Solinemo,0,0
2016,August,e001,C,10,D-3.40,3.4,0,Solinemo,0,0
2016,August,e001,C,11,B-1.02,1.02,1,Solinemo,0,0
2016,August,e001,C,12,G-17.0,17,1,Solinemo,0,0
2016,August,e001,C,13,F-9.52,9.52,1,Solinemo,0,0
2016,August,e001,C,14,E-5.44,5.44,1,Solinemo,0,0
2016,August,e001,C,15,H-27.2,27.2,1,Solinemo,0,0
2016,August,e001,C,16,E-5.44,5.44,1,Solinemo,0,0
2016,August,e001,C,17,B-1.02,1.02,1,Solinemo,0,0
2016,August,e001,C,18,I-0.00,0,1,Solinemo,0,8
2016,August,e001,C,19,D-3.40,3.4,0,Solinemo,0,0
2016,August,e001,C,20,C-2.04,2.04,0,Solinemo,0,0
2016,August,e001,C,21,H-27.2,27.2,0,Solinemo,0,0
2016,August,e001,C,22,G-17.0,17,0,Solinemo,0,0
2016,August,e001,C,23,H-27.2,27.2,0,Solinemo,0,0
2016,August,e001,C,24,F-9.52,9.52,0,Solinemo,0,0
2016,August,e001,C,25,G-17.0,17,1,Solinemo,0,0
2016,August,e001,C,26,A-0.00,0,1,Solinemo,0,0
2016,August,e001,C,27,B-1.02,1.02,0,Solinemo,0,0
2016,August,e001,C,28,I-0.00,0,0,Solinemo,0,0
2016,August,e001,C,29,H-27.2,27.2,1,Solinemo,0,0
2016,August,e001,C,30,I-0.00,0,1,Solinemo,0,13
2016,August,e001,C,31,F-9.52,9.52,1,Solinemo,0,0
2016,August,e001,C,32,C-2.04,2.04,1,Solinemo,0,0
2016,August,e001,C,33,I-0.00,0,0,Solinemo,0,0
2016,August,e001,C,34,C-2.04,2.04,0,Solinemo,0,0
2016,August,e001,C,35,E-5.44,5.44,0,Solinemo,0,0
2016,August,e001,C,36,C-2.04,2.04,0,Solinemo,0,1
2016,August,e001,C,37,B-1.02,1.02,1,Solinemo,0,0
2016,August,e001,C,38,E-5.44,5.44,0,Solinemo,0,0
2016,August,e001,C,39,A-0.00,0,0,Solinemo,0,0
2016,August,e001,C,40,G-17.0,17,0,Solinemo,0,0
2016,August,e001,C,41,A-0.00,0,0,Solinemo,0,0
2016,August,e001,C,42,B-1.02,1.02,0,Solinemo,0,0
2016,August,e001,C,43,A-0.00,0,0,Solinemo,0,0
2016,August,e001,C,44,H-27.2,27.2,0,Solinemo,0,0
2016,August,e001,C,45,D-3.40,3.4,0,Solinemo,0,0
2016,August,e001,C,46,D-3.40,3.4,1,Solinemo,0,0
2016,August,e001,C,47,A-0.00,0,1,Solinemo,0,0
2016,August,e001,C,48,G-17.0,17,1,Solinemo,0,0
2016,August,e001,C,49,E-5.44,5.44,0,Solinemo,0,0
2016,August,e001,C,50,D-3.40,3.4,1,Solinemo,0,0
2016,August,e001,C,51,H-27.2,27.2,1,Solinemo,0,0
2016,August,e001,C,52,F-9.52,9.52,1,Solinemo,0,0
2016,August,e001,C,53,I-0.00,0,1,Solinemo,0,0
2016,August,e001,C,54,I-0.00,0,0,Solinemo,0,0
2016,August,e001,C,1,F-9.52,9.52,0,Solirigi,0,0
2016,August,e001,C,2,C-2.04,2.04,1,Solirigi,0,20
2016,August,e001,C,3,G-17.0,17,0,Solirigi,0,0
2016,August,e001,C,4,B-1.02,1.02,0,Solirigi,3,7
2016,August,e001,C,5,D-3.40,3.4,1,Solirigi,0,0
2016,August,e001,C,6,E-5.44,5.44,1,Solirigi,0,0
2016,August,e001,C,7,C-2.04,2.04,1,Solirigi,0,41
2016,August,e001,C,8,A-0.00,0,1,Solirigi,0,33
2016,August,e001,C,9,F-9.52,9.52,0,Solirigi,0,0
2016,August,e001,C,10,D-3.40,3.4,0,Solirigi,1,0
2016,August,e001,C,11,B-1.02,1.02,1,Solirigi,0,6
2016,August,e001,C,12,G-17.0,17,1,Solirigi,0,0
2016,August,e001,C,13,F-9.52,9.52,1,Solirigi,0,0
2016,August,e001,C,14,E-5.44,5.44,1,Solirigi,0,0
2016,August,e001,C,15,H-27.2,27.2,1,Solirigi,0,0
2016,August,e001,C,16,E-5.44,5.44,1,Solirigi,0,0
2016,August,e001,C,17,B-1.02,1.02,1,Solirigi,0,25
2016,August,e001,C,18,I-0.00,0,1,Solirigi,0,17
2016,August,e001,C,19,D-3.40,3.4,0,Solirigi,3,7
2016,August,e001,C,20,C-2.04,2.04,0,Solirigi,3,6
2016,August,e001,C,21,H-27.2,27.2,0,Solirigi,0,0
2016,August,e001,C,22,G-17.0,17,0,Solirigi,0,0
2016,August,e001,C,23,H-27.2,27.2,0,Solirigi,0,0
2016,August,e001,C,24,F-9.52,9.52,0,Solirigi,0,0
2016,August,e001,C,25,G-17.0,17,1,Solirigi,0,0
2016,August,e001,C,26,A-0.00,0,1,Solirigi,0,21
2016,August,e001,C,27,B-1.02,1.02,0,Solirigi,0,5
2016,August,e001,C,28,I-0.00,0,0,Solirigi,0,13
2016,August,e001,C,29,H-27.2,27.2,1,Solirigi,0,0
2016,August,e001,C,30,I-0.00,0,1,Solirigi,0,8
2016,August,e001,C,31,F-9.52,9.52,1,Solirigi,0,0
2016,August,e001,C,32,C-2.04,2.04,1,Solirigi,0,9
2016,August,e001,C,33,I-0.00,0,0,Solirigi,0,3
2016,August,e001,C,34,C-2.04,2.04,0,Solirigi,0,0
2016,August,e001,C,35,E-5.44,5.44,0,Solirigi,0,0
2016,August,e001,C,36,C-2.04,2.04,0,Solirigi,0,0
2016,August,e001,C,37,B-1.02,1.02,1,Solirigi,0,20
2016,August,e001,C,38,E-5.44,5.44,0,Solirigi,0,0
2016,August,e001,C,39,A-0.00,0,0,Solirigi,6,2
2016,August,e001,C,40,G-17.0,17,0,Solirigi,0,0
2016,August,e001,C,41,A-0.00,0,0,Solirigi,0,0
2016,August,e001,C,42,B-1.02,1.02,0,Solirigi,3,0
2016,August,e001,C,43,A-0.00,0,0,Solirigi,1,15
2016,August,e001,C,44,H-27.2,27.2,0,Solirigi,0,0
2016,August,e001,C,45,D-3.40,3.4,0,Solirigi,0,0
2016,August,e001,C,46,D-3.40,3.4,1,Solirigi,0,0
2016,August,e001,C,47,A-0.00,0,1,Solirigi,0,0
2016,August,e001,C,48,G-17.0,17,1,Solirigi,0,0
2016,August,e001,C,49,E-5.44,5.44,0,Solirigi,0,4
2016,August,e001,C,50,D-3.40,3.4,1,Solirigi,0,0
2016,August,e001,C,51,H-27.2,27.2,1,Solirigi,0,0
2016,August,e001,C,52,F-9.52,9.52,1,Solirigi,0,0
2016,August,e001,C,53,I-0.00,0,1,Solirigi,0,2
2016,August,e001,C,54,I-0.00,0,0,Solirigi,0,0
2016,August,e001,C,1,F-9.52,9.52,0,Sorgnuta,0,0
2016,August,e001,C,2,C-2.04,2.04,1,Sorgnuta,0,0
2016,August,e001,C,3,G-17.0,17,0,Sorgnuta,0,0
2016,August,e001,C,4,B-1.02,1.02,0,Sorgnuta,0,10
2016,August,e001,C,5,D-3.40,3.4,1,Sorgnuta,0,0
2016,August,e001,C,6,E-5.44,5.44,1,Sorgnuta,0,0
2016,August,e001,C,7,C-2.04,2.04,1,Sorgnuta,0,0
2016,August,e001,C,8,A-0.00,0,1,Sorgnuta,0,10
2016,August,e001,C,9,F-9.52,9.52,0,Sorgnuta,0,0
2016,August,e001,C,10,D-3.40,3.4,0,Sorgnuta,0,14
2016,August,e001,C,11,B-1.02,1.02,1,Sorgnuta,0,10
2016,August,e001,C,12,G-17.0,17,1,Sorgnuta,0,0
2016,August,e001,C,13,F-9.52,9.52,1,Sorgnuta,0,0
2016,August,e001,C,14,E-5.44,5.44,1,Sorgnuta,0,0
2016,August,e001,C,15,H-27.2,27.2,1,Sorgnuta,0,0
2016,August,e001,C,16,E-5.44,5.44,1,Sorgnuta,0,0
2016,August,e001,C,17,B-1.02,1.02,1,Sorgnuta,0,15
2016,August,e001,C,18,I-0.00,0,1,Sorgnuta,0,0
2016,August,e001,C,19,D-3.40,3.4,0,Sorgnuta,0,15
2016,August,e001,C,20,C-2.04,2.04,0,Sorgnuta,0,0
2016,August,e001,C,21,H-27.2,27.2,0,Sorgnuta,0,0
2016,August,e001,C,22,G-17.0,17,0,Sorgnuta,0,0
2016,August,e001,C,23,H-27.2,27.2,0,Sorgnuta,0,0
2016,August,e001,C,24,F-9.52,9.52,0,Sorgnuta,0,0
2016,August,e001,C,25,G-17.0,17,1,Sorgnuta,0,0
2016,August,e001,C,26,A-0.00,0,1,Sorgnuta,0,0
2016,August,e001,C,27,B-1.02,1.02,0,Sorgnuta,0,0
2016,August,e001,C,28,I-0.00,0,0,Sorgnuta,0,3
2016,August,e001,C,29,H-27.2,27.2,1,Sorgnuta,0,0
2016,August,e001,C,30,I-0.00,0,1,Sorgnuta,0,7
2016,August,e001,C,31,F-9.52,9.52,1,Sorgnuta,0,0
2016,August,e001,C,32,C-2.04,2.04,1,Sorgnuta,0,0
2016,August,e001,C,33,I-0.00,0,0,Sorgnuta,0,0
2016,August,e001,C,34,C-2.04,2.04,0,Sorgnuta,0,0
2016,August,e001,C,35,E-5.44,5.44,0,Sorgnuta,0,0
2016,August,e001,C,36,C-2.04,2.04,0,Sorgnuta,0,0
2016,August,e001,C,37,B-1.02,1.02,1,Sorgnuta,0,8
2016,August,e001,C,38,E-5.44,5.44,0,Sorgnuta,0,0
2016,August,e001,C,39,A-0.00,0,0,Sorgnuta,0,0
2016,August,e001,C,40,G-17.0,17,0,Sorgnuta,0,0
2016,August,e001,C,41,A-0.00,0,0,Sorgnuta,0,0
2016,August,e001,C,42,B-1.02,1.02,0,Sorgnuta,0,0
2016,August,e001,C,43,A-0.00,0,0,Sorgnuta,0,22
2016,August,e001,C,44,H-27.2,27.2,0,Sorgnuta,0,0
2016,August,e001,C,45,D-3.40,3.4,0,Sorgnuta,0,0
2016,August,e001,C,46,D-3.40,3.4,1,Sorgnuta,0,0
2016,August,e001,C,47,A-0.00,0,1,Sorgnuta,0,0
2016,August,e001,C,48,G-17.0,17,1,Sorgnuta,0,0
2016,August,e001,C,49,E-5.44,5.44,0,Sorgnuta,0,1
2016,August,e001,C,50,D-3.40,3.4,1,Sorgnuta,0,0
2016,August,e001,C,51,H-27.2,27.2,1,Sorgnuta,0,0
2016,August,e001,C,52,F-9.52,9.52,1,Sorgnuta,0,0
2016,August,e001,C,53,I-0.00,0,1,Sorgnuta,0,4
2016,August,e001,C,54,I-0.00,0,0,Sorgnuta,0,19
2016,August,e001,C,1,F-9.52,9.52,0,Stipspar,0,0
2016,August,e001,C,2,C-2.04,2.04,1,Stipspar,0,0
2016,August,e001,C,3,G-17.0,17,0,Stipspar,0,1
2016,August,e001,C,4,B-1.02,1.02,0,Stipspar,0,0
2016,August,e001,C,5,D-3.40,3.4,1,Stipspar,0,0
2016,August,e001,C,6,E-5.44,5.44,1,Stipspar,0,0
2016,August,e001,C,7,C-2.04,2.04,1,Stipspar,0,0
2016,August,e001,C,8,A-0.00,0,1,Stipspar,0,0
2016,August,e001,C,9,F-9.52,9.52,0,Stipspar,0,0
2016,August,e001,C,10,D-3.40,3.4,0,Stipspar,0,0
2016,August,e001,C,11,B-1.02,1.02,1,Stipspar,0,0
2016,August,e001,C,12,G-17.0,17,1,Stipspar,0,0
2016,August,e001,C,13,F-9.52,9.52,1,Stipspar,0,0
2016,August,e001,C,14,E-5.44,5.44,1,Stipspar,0,0
2016,August,e001,C,15,H-27.2,27.2,1,Stipspar,0,0
2016,August,e001,C,16,E-5.44,5.44,1,Stipspar,0,0
2016,August,e001,C,17,B-1.02,1.02,1,Stipspar,0,0
2016,August,e001,C,18,I-0.00,0,1,Stipspar,0,0
2016,August,e001,C,19,D-3.40,3.4,0,Stipspar,0,0
2016,August,e001,C,20,C-2.04,2.04,0,Stipspar,0,0
2016,August,e001,C,21,H-27.2,27.2,0,Stipspar,0,0
2016,August,e001,C,22,G-17.0,17,0,Stipspar,0,0
2016,August,e001,C,23,H-27.2,27.2,0,Stipspar,0,0
2016,August,e001,C,24,F-9.52,9.52,0,Stipspar,0,0
2016,August,e001,C,25,G-17.0,17,1,Stipspar,0,0
2016,August,e001,C,26,A-0.00,0,1,Stipspar,0,0
2016,August,e001,C,27,B-1.02,1.02,0,Stipspar,0,0
2016,August,e001,C,28,I-0.00,0,0,Stipspar,0,0
2016,August,e001,C,29,H-27.2,27.2,1,Stipspar,0,0
2016,August,e001,C,30,I-0.00,0,1,Stipspar,0,0
2016,August,e001,C,31,F-9.52,9.52,1,Stipspar,0,0
2016,August,e001,C,32,C-2.04,2.04,1,Stipspar,0,0
2016,August,e001,C,33,I-0.00,0,0,Stipspar,0,0
2016,August,e001,C,34,C-2.04,2.04,0,Stipspar,0,0
2016,August,e001,C,35,E-5.44,5.44,0,Stipspar,0,0
2016,August,e001,C,36,C-2.04,2.04,0,Stipspar,0,0
2016,August,e001,C,37,B-1.02,1.02,1,Stipspar,0,0
2016,August,e001,C,38,E-5.44,5.44,0,Stipspar,0,0
2016,August,e001,C,39,A-0.00,0,0,Stipspar,0,0
2016,August,e001,C,40,G-17.0,17,0,Stipspar,0,0
2016,August,e001,C,41,A-0.00,0,0,Stipspar,0,0
2016,August,e001,C,42,B-1.02,1.02,0,Stipspar,0,0
2016,August,e001,C,43,A-0.00,0,0,Stipspar,0,0
2016,August,e001,C,44,H-27.2,27.2,0,Stipspar,0,0
2016,August,e001,C,45,D-3.40,3.4,0,Stipspar,0,0
2016,August,e001,C,46,D-3.40,3.4,1,Stipspar,0,0
2016,August,e001,C,47,A-0.00,0,1,Stipspar,0,0
2016,August,e001,C,48,G-17.0,17,1,Stipspar,0,0
2016,August,e001,C,49,E-5.44,5.44,0,Stipspar,0,0
2016,August,e001,C,50,D-3.40,3.4,1,Stipspar,0,0
2016,August,e001,C,51,H-27.2,27.2,1,Stipspar,0,0
2016,August,e001,C,52,F-9.52,9.52,1,Stipspar,0,0
2016,August,e001,C,53,I-0.00,0,1,Stipspar,0,0
2016,August,e001,C,54,I-0.00,0,0,Stipspar,0,0
2016,August,e001,C,1,F-9.52,9.52,0,Tradocci,0,0
2016,August,e001,C,2,C-2.04,2.04,1,Tradocci,0,0
2016,August,e001,C,3,G-17.0,17,0,Tradocci,0,0
2016,August,e001,C,4,B-1.02,1.02,0,Tradocci,0,0
2016,August,e001,C,5,D-3.40,3.4,1,Tradocci,0,0
2016,August,e001,C,6,E-5.44,5.44,1,Tradocci,0,0
2016,August,e001,C,7,C-2.04,2.04,1,Tradocci,0,0
2016,August,e001,C,8,A-0.00,0,1,Tradocci,0,0
2016,August,e001,C,9,F-9.52,9.52,0,Tradocci,0,0
2016,August,e001,C,10,D-3.40,3.4,0,Tradocci,0,0
2016,August,e001,C,11,B-1.02,1.02,1,Tradocci,0,0
2016,August,e001,C,12,G-17.0,17,1,Tradocci,0,0
2016,August,e001,C,13,F-9.52,9.52,1,Tradocci,0,2
2016,August,e001,C,14,E-5.44,5.44,1,Tradocci,0,0
2016,August,e001,C,15,H-27.2,27.2,1,Tradocci,0,0
2016,August,e001,C,16,E-5.44,5.44,1,Tradocci,0,0
2016,August,e001,C,17,B-1.02,1.02,1,Tradocci,0,0
2016,August,e001,C,18,I-0.00,0,1,Tradocci,0,0
2016,August,e001,C,19,D-3.40,3.4,0,Tradocci,0,0
2016,August,e001,C,20,C-2.04,2.04,0,Tradocci,0,0
2016,August,e001,C,21,H-27.2,27.2,0,Tradocci,0,0
2016,August,e001,C,22,G-17.0,17,0,Tradocci,0,0
2016,August,e001,C,23,H-27.2,27.2,0,Tradocci,0,0
2016,August,e001,C,24,F-9.52,9.52,0,Tradocci,0,0
2016,August,e001,C,25,G-17.0,17,1,Tradocci,0,0
2016,August,e001,C,26,A-0.00,0,1,Tradocci,0,0
2016,August,e001,C,27,B-1.02,1.02,0,Tradocci,0,0
2016,August,e001,C,28,I-0.00,0,0,Tradocci,0,0
2016,August,e001,C,29,H-27.2,27.2,1,Tradocci,0,0
2016,August,e001,C,30,I-0.00,0,1,Tradocci,0,0
2016,August,e001,C,31,F-9.52,9.52,1,Tradocci,0,0
2016,August,e001,C,32,C-2.04,2.04,1,Tradocci,0,0
2016,August,e001,C,33,I-0.00,0,0,Tradocci,0,0
2016,August,e001,C,34,C-2.04,2.04,0,Tradocci,0,0
2016,August,e001,C,35,E-5.44,5.44,0,Tradocci,0,0
2016,August,e001,C,36,C-2.04,2.04,0,Tradocci,0,0
2016,August,e001,C,37,B-1.02,1.02,1,Tradocci,0,0
2016,August,e001,C,38,E-5.44,5.44,0,Tradocci,0,0
2016,August,e001,C,39,A-0.00,0,0,Tradocci,0,0
2016,August,e001,C,40,G-17.0,17,0,Tradocci,0,0
2016,August,e001,C,41,A-0.00,0,0,Tradocci,0,0
2016,August,e001,C,42,B-1.02,1.02,0,Tradocci,0,0
2016,August,e001,C,43,A-0.00,0,0,Tradocci,0,0
2016,August,e001,C,44,H-27.2,27.2,0,Tradocci,0,0
2016,August,e001,C,45,D-3.40,3.4,0,Tradocci,0,0
2016,August,e001,C,46,D-3.40,3.4,1,Tradocci,0,0
2016,August,e001,C,47,A-0.00,0,1,Tradocci,0,0
2016,August,e001,C,48,G-17.0,17,1,Tradocci,0,0
2016,August,e001,C,49,E-5.44,5.44,0,Tradocci,0,0
2016,August,e001,C,50,D-3.40,3.4,1,Tradocci,0,0
2016,August,e001,C,51,H-27.2,27.2,1,Tradocci,0,0
2016,August,e001,C,52,F-9.52,9.52,1,Tradocci,0,0
2016,August,e001,C,53,I-0.00,0,1,Tradocci,0,0
2016,August,e001,C,54,I-0.00,0,0,Tradocci,0,0
